file,folder,engine,expected,result,time_s,status,steps,depth,inst_attempts,inst_hits,clauses_gen,subsumptions
SET043+1.p,Pelletier,Baseline,Theorem,Proved,0,PROVED,60,8,0,0,0,0
SET043+1.p,Pelletier,Improved,Theorem,Proved,0,PROVED,18,8,2,2,0,0
SET043+1.p,Pelletier,Resolution,Theorem,Proved,0,PROVED,4,0,0,0,7,2
SET044+1.p,Pelletier,Baseline,Theorem,NotProved,0.668,NOT_PROVED,1534399,20,0,0,0,0
SET044+1.p,Pelletier,Improved,Theorem,Proved,0,PROVED,127,15,50,4,0,0
SET044+1.p,Pelletier,Resolution,Theorem,Timeout,5,TIMEOUT,95,0,0,0,514,0
SET045+1.p,Pelletier,Baseline,Theorem,Proved,0,PROVED,845,11,0,0,0,0
SET045+1.p,Pelletier,Improved,Theorem,Proved,0,PROVED,104,12,64,3,0,0
SET045+1.p,Pelletier,Resolution,Theorem,NotProved,0,NOT_PROVED,4,0,0,0,6,1
SET046+1.p,Pelletier,Baseline,Theorem,Proved,0,PROVED,267,16,0,0,0,0
SET046+1.p,Pelletier,Improved,Theorem,Proved,0,PROVED,51,15,10,4,0,0
SET046+1.p,Pelletier,Resolution,Theorem,NotProved,0,NOT_PROVED,6,0,0,0,19,3
SET047+1.p,Pelletier,Baseline,Theorem,NotProved,0.083,NOT_PROVED,177922,20,0,0,0,0
SET047+1.p,Pelletier,Improved,Theorem,Proved,0,PROVED,44,10,12,4,0,0
SET047+1.p,Pelletier,Resolution,Theorem,NotProved,0.001,NOT_PROVED,33,0,0,0,131,18
SYN001+1.p,Pelletier,Baseline,Theorem,Proved,0,PROVED,18,4,0,0,0,0
SYN001+1.p,Pelletier,Improved,Theorem,Proved,0,PROVED,9,4,0,0,0,0
SYN001+1.p,Pelletier,Resolution,Theorem,Proved,0,PROVED,0,0,0,0,1,0
SYN007+1.014.p,Pelletier,Baseline,Theorem,NotProved,0,NOT_PROVED,878,20,0,0,0,0
SYN007+1.014.p,Pelletier,Improved,Theorem,Timeout,5,TIMEOUT,403758,208,0,0,0,0
SYN007+1.014.p,Pelletier,Resolution,Theorem,Timeout,5,TIMEOUT,0,0,0,0,0,0
SYN036+1.p,Pelletier,Baseline,Theorem,NotProved,0.023,NOT_PROVED,71211,20,0,0,0,0
SYN036+1.p,Pelletier,Improved,Theorem,Proved,1.409,PROVED,323954,40,84625,22970,0,0
SYN036+1.p,Pelletier,Resolution,Theorem,Timeout,5.102,TIMEOUT,446,0,0,0,66980,309
SYN036+2.p,Pelletier,Baseline,Theorem,NotProved,0.024,NOT_PROVED,71323,20,0,0,0,0
SYN036+2.p,Pelletier,Improved,Theorem,Proved,1.555,PROVED,353370,40,94100,25657,0,0
SYN036+2.p,Pelletier,Resolution,Theorem,Timeout,5,TIMEOUT,56,0,0,0,5993,9
SYN040+1.p,Pelletier,Baseline,Theorem,Proved,0,PROVED,38,6,0,0,0,0
SYN040+1.p,Pelletier,Improved,Theorem,Proved,0,PROVED,15,6,0,0,0,0
SYN040+1.p,Pelletier,Resolution,Theorem,Proved,0,PROVED,5,0,0,0,15,2
SYN041+1.p,Pelletier,Baseline,Theorem,Proved,0,PROVED,18,4,0,0,0,0
SYN041+1.p,Pelletier,Improved,Theorem,Proved,0,PROVED,5,4,0,0,0,0
SYN041+1.p,Pelletier,Resolution,Theorem,Proved,0,PROVED,3,0,0,0,5,0
SYN044+1.p,Pelletier,Baseline,Theorem,Proved,0,PROVED,271,8,0,0,0,0
SYN044+1.p,Pelletier,Improved,Theorem,Proved,0,PROVED,27,9,0,0,0,0
SYN044+1.p,Pelletier,Resolution,Theorem,Proved,0,PROVED,12,0,0,0,21,8
SYN045+1.p,Pelletier,Baseline,Theorem,Proved,0,PROVED,69,6,0,0,0,0
SYN045+1.p,Pelletier,Improved,Theorem,Proved,0,PROVED,24,7,0,0,0,0
SYN045+1.p,Pelletier,Resolution,Theorem,Proved,0,PROVED,7,0,0,0,29,3
SYN046+1.p,Pelletier,Baseline,Theorem,Proved,0,PROVED,27,5,0,0,0,0
SYN046+1.p,Pelletier,Improved,Theorem,Proved,0,PROVED,13,5,0,0,0,0
SYN046+1.p,Pelletier,Resolution,Theorem,Proved,0,PROVED,4,0,0,0,15,1
SYN047+1.p,Pelletier,Baseline,Theorem,Proved,0,PROVED,148,9,0,0,0,0
SYN047+1.p,Pelletier,Improved,Theorem,Proved,0,PROVED,51,11,0,0,0,0
SYN047+1.p,Pelletier,Resolution,Theorem,Proved,0,PROVED,13,0,0,0,73,8
SYN048+1.p,Pelletier,Baseline,Theorem,Proved,0,PROVED,27,6,0,0,0,0
SYN048+1.p,Pelletier,Improved,Theorem,Proved,0,PROVED,14,6,5,1,0,0
SYN048+1.p,Pelletier,Resolution,Theorem,Proved,0,PROVED,2,0,0,0,3,0
SYN049+1.p,Pelletier,Baseline,Theorem,Proved,0,PROVED,83,11,0,0,0,0
SYN049+1.p,Pelletier,Improved,Theorem,Proved,0,PROVED,26,11,5,6,0,0
SYN049+1.p,Pelletier,Resolution,Theorem,Proved,0,PROVED,4,0,0,0,6,1
SYN050+1.p,Pelletier,Baseline,Theorem,Proved,0,PROVED,696,12,0,0,0,0
SYN050+1.p,Pelletier,Improved,Theorem,Proved,0.001,PROVED,430,18,262,9,0,0
SYN050+1.p,Pelletier,Resolution,Theorem,Proved,0,PROVED,6,0,0,0,11,2
SYN051+1.p,Pelletier,Baseline,Theorem,Proved,0,PROVED,365,12,0,0,0,0
SYN051+1.p,Pelletier,Improved,Theorem,Proved,0,PROVED,34,9,6,2,0,0
SYN051+1.p,Pelletier,Resolution,Theorem,Proved,0,PROVED,8,0,0,0,12,5
SYN052+1.p,Pelletier,Baseline,Theorem,NotProved,0.001,NOT_PROVED,3120,8,0,0,0,0
SYN052+1.p,Pelletier,Improved,Theorem,NotProved,0,NOT_PROVED,541,8,23,20,0,0
SYN052+1.p,Pelletier,Resolution,Theorem,NotProved,0,NOT_PROVED,7,0,0,0,11,4
SYN053+1.p,Pelletier,Baseline,Theorem,NotProved,0,NOT_PROVED,518,6,0,0,0,0
SYN053+1.p,Pelletier,Improved,Theorem,NotProved,0,NOT_PROVED,88,6,0,0,0,0
SYN053+1.p,Pelletier,Resolution,Theorem,NotProved,0,NOT_PROVED,8,0,0,0,20,5
SYN054+1.p,Pelletier,Baseline,Theorem,Proved,0,PROVED,384,15,0,0,0,0
SYN054+1.p,Pelletier,Improved,Theorem,Proved,0.004,PROVED,2722,16,1857,173,0,0
SYN054+1.p,Pelletier,Resolution,Theorem,Proved,0,PROVED,12,0,0,0,18,8
SYN056+1.p,Pelletier,Baseline,Theorem,Timeout,5,TIMEOUT,8248194,20,0,0,0,0
SYN056+1.p,Pelletier,Improved,Theorem,Proved,0.007,PROVED,3386,19,1449,220,0,0
SYN056+1.p,Pelletier,Resolution,Theorem,NotProved,0.002,NOT_PROVED,55,0,0,0,629,30
SYN057+1.p,Pelletier,Baseline,Theorem,NotProved,1.273,NOT_PROVED,3279093,20,0,0,0,0
SYN057+1.p,Pelletier,Improved,Theorem,NotProved,0.004,NOT_PROVED,1865,33,679,481,0,0
SYN057+1.p,Pelletier,Resolution,Theorem,NotProved,0,NOT_PROVED,10,0,0,0,11,2
SYN058+1.p,Pelletier,Baseline,Theorem,NotProved,1.739,NOT_PROVED,2820996,20,0,0,0,0
SYN058+1.p,Pelletier,Improved,Theorem,NotProved,0.014,NOT_PROVED,7750,31,4282,1020,0,0
SYN058+1.p,Pelletier,Resolution,Theorem,NotProved,0,NOT_PROVED,10,0,0,0,14,4
SYN059+1.p,Pelletier,Baseline,Theorem,Proved,0,PROVED,585,16,0,0,0,0
SYN059+1.p,Pelletier,Improved,Theorem,Proved,0,PROVED,96,16,20,18,0,0
SYN059+1.p,Pelletier,Resolution,Theorem,Proved,0.002,PROVED,97,0,0,0,740,86
SYN060+1.p,Pelletier,Baseline,Theorem,Proved,0,PROVED,142,9,0,0,0,0
SYN060+1.p,Pelletier,Improved,Theorem,Proved,0,PROVED,61,10,25,5,0,0
SYN060+1.p,Pelletier,Resolution,Theorem,Proved,0,PROVED,12,0,0,0,15,7
SYN061+1.p,Pelletier,Baseline,Theorem,Proved,0,PROVED,329,12,0,0,0,0
SYN061+1.p,Pelletier,Improved,Theorem,Proved,0,PROVED,154,13,84,18,0,0
SYN061+1.p,Pelletier,Resolution,Theorem,Proved,0,PROVED,10,0,0,0,12,4
SYN062+1.p,Pelletier,Baseline,Theorem,Proved,0.001,PROVED,1436,13,0,0,0,0
SYN062+1.p,Pelletier,Improved,Theorem,NotProved,1.943,NOT_PROVED,366404,37,156834,10774,0,0
SYN062+1.p,Pelletier,Resolution,Theorem,Proved,0,PROVED,13,0,0,0,18,7
SYN063+1.p,Pelletier,Baseline,Theorem,NotProved,0,NOT_PROVED,1846,11,0,0,0,0
SYN063+1.p,Pelletier,Improved,Theorem,NotProved,0,NOT_PROVED,363,11,0,0,0,0
SYN063+1.p,Pelletier,Resolution,Theorem,NotProved,0,NOT_PROVED,13,0,0,0,79,9
SYN064+1.p,Pelletier,Baseline,Theorem,Proved,0,PROVED,65,8,0,0,0,0
SYN064+1.p,Pelletier,Improved,Theorem,Proved,0,PROVED,77,14,47,1,0,0
SYN064+1.p,Pelletier,Resolution,Theorem,Proved,0,PROVED,2,0,0,0,3,0
SYN065+1.p,Pelletier,Baseline,Theorem,Proved,0.678,PROVED,1075289,14,0,0,0,0
SYN065+1.p,Pelletier,Improved,Theorem,Proved,0.002,PROVED,1507,15,1211,37,0,0
SYN065+1.p,Pelletier,Resolution,Theorem,Proved,0,PROVED,6,0,0,0,14,2
SYN066+1.p,Pelletier,Baseline,Theorem,Timeout,5,TIMEOUT,8009003,14,0,0,0,0
SYN066+1.p,Pelletier,Improved,Theorem,NotProved,0.63,NOT_PROVED,160895,39,102856,2663,0,0
SYN066+1.p,Pelletier,Resolution,Theorem,NotProved,0,NOT_PROVED,8,0,0,0,9,3
SYN067+1.p,Pelletier,Baseline,Theorem,NotProved,0.494,NOT_PROVED,1185334,20,0,0,0,0
SYN067+1.p,Pelletier,Improved,Theorem,NotProved,0.042,NOT_PROVED,14419,40,5299,2538,0,0
SYN067+1.p,Pelletier,Resolution,Theorem,NotProved,0.22,NOT_PROVED,312,0,0,0,4970,122
SYN068+1.p,Pelletier,Baseline,Theorem,Proved,0,PROVED,478,14,0,0,0,0
SYN068+1.p,Pelletier,Improved,Theorem,Proved,0.001,PROVED,524,18,310,45,0,0
SYN068+1.p,Pelletier,Resolution,Theorem,Proved,0,PROVED,10,0,0,0,14,6
SYN070+1.p,Pelletier,Baseline,Theorem,NotProved,2.079,NOT_PROVED,4153949,20,0,0,0,0
SYN070+1.p,Pelletier,Improved,Theorem,NotProved,0.288,NOT_PROVED,47100,40,13934,9056,0,0
SYN070+1.p,Pelletier,Resolution,Theorem,NotProved,0,NOT_PROVED,25,0,0,0,43,12
SYN073+1.p,Pelletier,Baseline,Theorem,NotProved,0.022,NOT_PROVED,20415,20,0,0,0,0
SYN073+1.p,Pelletier,Improved,Theorem,NotProved,0.001,NOT_PROVED,486,24,232,0,0,0
SYN073+1.p,Pelletier,Resolution,Theorem,NotProved,0,NOT_PROVED,3,0,0,0,3,1
SYN079+1.p,Pelletier,Baseline,Theorem,Timeout,7.242,TIMEOUT,7425838,12,0,0,0,0
SYN079+1.p,Pelletier,Improved,Theorem,Proved,0,PROVED,33,8,13,3,0,0
SYN079+1.p,Pelletier,Resolution,Theorem,NotProved,0,NOT_PROVED,3,0,0,0,4,0
SYN081+1.p,Pelletier,Baseline,Theorem,Proved,0.001,PROVED,2784,20,0,0,0,0
SYN081+1.p,Pelletier,Improved,Theorem,Proved,0,PROVED,53,10,21,4,0,0
SYN081+1.p,Pelletier,Resolution,Theorem,Timeout,5,TIMEOUT,36,0,0,0,1279,0
SYN082+1.p,Pelletier,Baseline,Theorem,Proved,0,PROVED,271,20,0,0,0,0
SYN082+1.p,Pelletier,Improved,Theorem,Proved,0,PROVED,21,7,3,4,0,0
SYN082+1.p,Pelletier,Resolution,Theorem,Proved,0,PROVED,8,0,0,0,19,5
SYN084+1.p,Pelletier,Baseline,Theorem,NotProved,0,NOT_PROVED,1846,11,0,0,0,0
SYN084+1.p,Pelletier,Improved,Theorem,NotProved,0,NOT_PROVED,363,11,0,0,0,0
SYN084+1.p,Pelletier,Resolution,Theorem,NotProved,0,NOT_PROVED,21,0,0,0,129,13
SYN387+1.p,Pelletier,Baseline,Theorem,Proved,0,PROVED,5,2,0,0,0,0
SYN387+1.p,Pelletier,Improved,Theorem,Proved,0,PROVED,3,2,0,0,0,0
SYN387+1.p,Pelletier,Resolution,Theorem,Proved,0,PROVED,2,0,0,0,3,0
SYN388+1.p,Pelletier,Baseline,Theorem,Proved,0,PROVED,14,4,0,0,0,0
SYN388+1.p,Pelletier,Improved,Theorem,Proved,0,PROVED,5,4,0,0,0,0
SYN388+1.p,Pelletier,Resolution,Theorem,Proved,0,PROVED,2,0,0,0,3,0
SYN389+1.p,Pelletier,Baseline,Theorem,Proved,0,PROVED,10,3,0,0,0,0
SYN389+1.p,Pelletier,Improved,Theorem,Proved,0,PROVED,5,3,0,0,0,0
SYN389+1.p,Pelletier,Resolution,Theorem,Proved,0,PROVED,2,0,0,0,5,0
SYN390+1.p,Pelletier,Baseline,Theorem,Proved,0,PROVED,7,2,0,0,0,0
SYN390+1.p,Pelletier,Improved,Theorem,Proved,0,PROVED,5,2,0,0,0,0
SYN390+1.p,Pelletier,Resolution,Theorem,Proved,0,PROVED,0,0,0,0,1,0
SYN391+1.p,Pelletier,Baseline,Theorem,Proved,0,PROVED,253,8,0,0,0,0
SYN391+1.p,Pelletier,Improved,Theorem,Proved,0,PROVED,30,9,0,0,0,0
SYN391+1.p,Pelletier,Resolution,Theorem,Proved,0,PROVED,7,0,0,0,9,4
SYN392+1.p,Pelletier,Baseline,Theorem,Proved,0,PROVED,75,7,0,0,0,0
SYN392+1.p,Pelletier,Improved,Theorem,Proved,0,PROVED,39,9,0,0,0,0
SYN392+1.p,Pelletier,Resolution,Theorem,Proved,0,PROVED,7,0,0,0,27,4
SYN393+1.003.p,Pelletier,Baseline,Theorem,Proved,0,PROVED,752,11,0,0,0,0
SYN393+1.003.p,Pelletier,Improved,Theorem,Proved,0,PROVED,131,13,0,0,0,0
SYN393+1.003.p,Pelletier,Resolution,Theorem,Proved,0,PROVED,19,0,0,0,134,15
SYN416+1.p,Pelletier,Baseline,Theorem,Proved,0,PROVED,10,3,0,0,0,0
SYN416+1.p,Pelletier,Improved,Theorem,Proved,0,PROVED,4,3,0,0,0,0
SYN416+1.p,Pelletier,Resolution,Theorem,Proved,0,PROVED,3,0,0,0,5,0
SYN001+1.p,TPTP_SYN,Baseline,Theorem,Proved,0,PROVED,18,4,0,0,0,0
SYN001+1.p,TPTP_SYN,Improved,Theorem,Proved,0,PROVED,9,4,0,0,0,0
SYN001+1.p,TPTP_SYN,Resolution,Theorem,Proved,0,PROVED,0,0,0,0,1,0
SYN007+1.014.p,TPTP_SYN,Baseline,Theorem,NotProved,0.001,NOT_PROVED,878,20,0,0,0,0
SYN007+1.014.p,TPTP_SYN,Improved,Theorem,Timeout,5,TIMEOUT,473185,208,0,0,0,0
SYN007+1.014.p,TPTP_SYN,Resolution,Theorem,Timeout,5,TIMEOUT,0,0,0,0,0,0
SYN036+1.p,TPTP_SYN,Baseline,Theorem,NotProved,0.023,NOT_PROVED,71211,20,0,0,0,0
SYN036+1.p,TPTP_SYN,Improved,Theorem,Proved,1.317,PROVED,323954,40,84625,22970,0,0
SYN036+1.p,TPTP_SYN,Resolution,Theorem,Timeout,5,TIMEOUT,510,0,0,0,84411,325
SYN036+2.p,TPTP_SYN,Baseline,Theorem,NotProved,0.022,NOT_PROVED,71323,20,0,0,0,0
SYN036+2.p,TPTP_SYN,Improved,Theorem,Proved,1.387,PROVED,353370,40,94100,25657,0,0
SYN036+2.p,TPTP_SYN,Resolution,Theorem,Timeout,5.521,TIMEOUT,45,0,0,0,4141,6
SYN040+1.p,TPTP_SYN,Baseline,Theorem,Proved,0,PROVED,38,6,0,0,0,0
SYN040+1.p,TPTP_SYN,Improved,Theorem,Proved,0,PROVED,15,6,0,0,0,0
SYN040+1.p,TPTP_SYN,Resolution,Theorem,Proved,0,PROVED,5,0,0,0,15,2
SYN041+1.p,TPTP_SYN,Baseline,Theorem,Proved,0,PROVED,18,4,0,0,0,0
SYN041+1.p,TPTP_SYN,Improved,Theorem,Proved,0,PROVED,5,4,0,0,0,0
SYN041+1.p,TPTP_SYN,Resolution,Theorem,Proved,0,PROVED,3,0,0,0,5,0
SYN044+1.p,TPTP_SYN,Baseline,Theorem,Proved,0,PROVED,271,8,0,0,0,0
SYN044+1.p,TPTP_SYN,Improved,Theorem,Proved,0,PROVED,27,9,0,0,0,0
SYN044+1.p,TPTP_SYN,Resolution,Theorem,Proved,0,PROVED,12,0,0,0,21,8
SYN045+1.p,TPTP_SYN,Baseline,Theorem,Proved,0,PROVED,69,6,0,0,0,0
SYN045+1.p,TPTP_SYN,Improved,Theorem,Proved,0,PROVED,24,7,0,0,0,0
SYN045+1.p,TPTP_SYN,Resolution,Theorem,Proved,0,PROVED,7,0,0,0,29,3
SYN046+1.p,TPTP_SYN,Baseline,Theorem,Proved,0,PROVED,27,5,0,0,0,0
SYN046+1.p,TPTP_SYN,Improved,Theorem,Proved,0,PROVED,13,5,0,0,0,0
SYN046+1.p,TPTP_SYN,Resolution,Theorem,Proved,0,PROVED,4,0,0,0,15,1
SYN047+1.p,TPTP_SYN,Baseline,Theorem,Proved,0,PROVED,148,9,0,0,0,0
SYN047+1.p,TPTP_SYN,Improved,Theorem,Proved,0,PROVED,51,11,0,0,0,0
SYN047+1.p,TPTP_SYN,Resolution,Theorem,Proved,0,PROVED,13,0,0,0,73,8
SYN048+1.p,TPTP_SYN,Baseline,Theorem,Proved,0,PROVED,27,6,0,0,0,0
SYN048+1.p,TPTP_SYN,Improved,Theorem,Proved,0,PROVED,14,6,5,1,0,0
SYN048+1.p,TPTP_SYN,Resolution,Theorem,Proved,0,PROVED,2,0,0,0,3,0
SYN049+1.p,TPTP_SYN,Baseline,Theorem,Proved,0,PROVED,83,11,0,0,0,0
SYN049+1.p,TPTP_SYN,Improved,Theorem,Proved,0,PROVED,26,11,5,6,0,0
SYN049+1.p,TPTP_SYN,Resolution,Theorem,Proved,0,PROVED,4,0,0,0,6,1
SYN050+1.p,TPTP_SYN,Baseline,Theorem,Proved,0,PROVED,696,12,0,0,0,0
SYN050+1.p,TPTP_SYN,Improved,Theorem,Proved,0.001,PROVED,430,18,262,9,0,0
SYN050+1.p,TPTP_SYN,Resolution,Theorem,Proved,0,PROVED,6,0,0,0,11,2
SYN051+1.p,TPTP_SYN,Baseline,Theorem,Proved,0,PROVED,365,12,0,0,0,0
SYN051+1.p,TPTP_SYN,Improved,Theorem,Proved,0,PROVED,34,9,6,2,0,0
SYN051+1.p,TPTP_SYN,Resolution,Theorem,Proved,0,PROVED,8,0,0,0,12,5
SYN052+1.p,TPTP_SYN,Baseline,Theorem,NotProved,0.001,NOT_PROVED,3120,8,0,0,0,0
SYN052+1.p,TPTP_SYN,Improved,Theorem,NotProved,0,NOT_PROVED,541,8,23,20,0,0
SYN052+1.p,TPTP_SYN,Resolution,Theorem,NotProved,0,NOT_PROVED,7,0,0,0,11,4
SYN053+1.p,TPTP_SYN,Baseline,Theorem,NotProved,0,NOT_PROVED,518,6,0,0,0,0
SYN053+1.p,TPTP_SYN,Improved,Theorem,NotProved,0,NOT_PROVED,88,6,0,0,0,0
SYN053+1.p,TPTP_SYN,Resolution,Theorem,NotProved,0,NOT_PROVED,8,0,0,0,20,5
SYN054+1.p,TPTP_SYN,Baseline,Theorem,Proved,0.001,PROVED,1606,13,0,0,0,0
SYN054+1.p,TPTP_SYN,Improved,Theorem,Proved,0.007,PROVED,5940,15,4767,171,0,0
SYN054+1.p,TPTP_SYN,Resolution,Theorem,Proved,0,PROVED,8,0,0,0,14,4
SYN056+1.p,TPTP_SYN,Baseline,Theorem,Timeout,5,TIMEOUT,8281164,20,0,0,0,0
SYN056+1.p,TPTP_SYN,Improved,Theorem,Proved,0.007,PROVED,3386,19,1449,220,0,0
SYN056+1.p,TPTP_SYN,Resolution,Theorem,NotProved,0.002,NOT_PROVED,55,0,0,0,629,30
SYN057+1.p,TPTP_SYN,Baseline,Theorem,NotProved,1.365,NOT_PROVED,3279093,20,0,0,0,0
SYN057+1.p,TPTP_SYN,Improved,Theorem,NotProved,0.004,NOT_PROVED,1865,33,679,481,0,0
SYN057+1.p,TPTP_SYN,Resolution,Theorem,NotProved,0,NOT_PROVED,10,0,0,0,11,2
SYN058+1.p,TPTP_SYN,Baseline,Theorem,NotProved,1.711,NOT_PROVED,2820996,20,0,0,0,0
SYN058+1.p,TPTP_SYN,Improved,Theorem,NotProved,0.011,NOT_PROVED,7750,31,4282,1020,0,0
SYN058+1.p,TPTP_SYN,Resolution,Theorem,NotProved,0,NOT_PROVED,10,0,0,0,14,4
SYN059+1.p,TPTP_SYN,Baseline,Theorem,Proved,0,PROVED,585,16,0,0,0,0
SYN059+1.p,TPTP_SYN,Improved,Theorem,Proved,0,PROVED,96,16,20,18,0,0
SYN059+1.p,TPTP_SYN,Resolution,Theorem,Proved,0.002,PROVED,97,0,0,0,740,86
SYN060+1.p,TPTP_SYN,Baseline,Theorem,Proved,0,PROVED,142,9,0,0,0,0
SYN060+1.p,TPTP_SYN,Improved,Theorem,Proved,0,PROVED,61,10,25,5,0,0
SYN060+1.p,TPTP_SYN,Resolution,Theorem,Proved,0,PROVED,12,0,0,0,15,7
SYN061+1.p,TPTP_SYN,Baseline,Theorem,Proved,0,PROVED,329,12,0,0,0,0
SYN061+1.p,TPTP_SYN,Improved,Theorem,Proved,0,PROVED,154,13,84,18,0,0
SYN061+1.p,TPTP_SYN,Resolution,Theorem,Proved,0,PROVED,10,0,0,0,12,4
SYN062+1.p,TPTP_SYN,Baseline,Theorem,Proved,0.001,PROVED,1436,13,0,0,0,0
SYN062+1.p,TPTP_SYN,Improved,Theorem,NotProved,1.702,NOT_PROVED,366404,37,156834,10774,0,0
SYN062+1.p,TPTP_SYN,Resolution,Theorem,Proved,0,PROVED,13,0,0,0,18,7
SYN063+1.p,TPTP_SYN,Baseline,Theorem,NotProved,0,NOT_PROVED,1846,11,0,0,0,0
SYN063+1.p,TPTP_SYN,Improved,Theorem,NotProved,0,NOT_PROVED,363,11,0,0,0,0
SYN063+1.p,TPTP_SYN,Resolution,Theorem,NotProved,0,NOT_PROVED,13,0,0,0,79,9
SYN064+1.p,TPTP_SYN,Baseline,Theorem,Proved,0,PROVED,65,8,0,0,0,0
SYN064+1.p,TPTP_SYN,Improved,Theorem,Proved,0,PROVED,77,14,47,1,0,0
SYN064+1.p,TPTP_SYN,Resolution,Theorem,Proved,0,PROVED,2,0,0,0,3,0
SYN065+1.p,TPTP_SYN,Baseline,Theorem,Proved,0.674,PROVED,1075289,14,0,0,0,0
SYN065+1.p,TPTP_SYN,Improved,Theorem,Proved,0.002,PROVED,1507,15,1211,37,0,0
SYN065+1.p,TPTP_SYN,Resolution,Theorem,Proved,0,PROVED,6,0,0,0,14,2
SYN066+1.p,TPTP_SYN,Baseline,Theorem,Timeout,5,TIMEOUT,7959079,14,0,0,0,0
SYN066+1.p,TPTP_SYN,Improved,Theorem,NotProved,0.593,NOT_PROVED,160895,39,102856,2663,0,0
SYN066+1.p,TPTP_SYN,Resolution,Theorem,NotProved,0,NOT_PROVED,8,0,0,0,9,3
SYN067+1.p,TPTP_SYN,Baseline,Theorem,NotProved,0.473,NOT_PROVED,1185290,20,0,0,0,0
SYN067+1.p,TPTP_SYN,Improved,Theorem,NotProved,0.043,NOT_PROVED,14408,40,5299,2538,0,0
SYN067+1.p,TPTP_SYN,Resolution,Theorem,NotProved,0.467,NOT_PROVED,315,0,0,0,9650,146
SYN068+1.p,TPTP_SYN,Baseline,Theorem,Proved,0,PROVED,478,14,0,0,0,0
SYN068+1.p,TPTP_SYN,Improved,Theorem,Proved,0.001,PROVED,524,18,310,45,0,0
SYN068+1.p,TPTP_SYN,Resolution,Theorem,Proved,0,PROVED,10,0,0,0,14,6
SYN070+1.p,TPTP_SYN,Baseline,Theorem,NotProved,2.073,NOT_PROVED,4153949,20,0,0,0,0
SYN070+1.p,TPTP_SYN,Improved,Theorem,NotProved,0.265,NOT_PROVED,47100,40,13934,9056,0,0
SYN070+1.p,TPTP_SYN,Resolution,Theorem,NotProved,0,NOT_PROVED,25,0,0,0,43,12
SYN073+1.p,TPTP_SYN,Baseline,Theorem,NotProved,0.021,NOT_PROVED,20415,20,0,0,0,0
SYN073+1.p,TPTP_SYN,Improved,Theorem,NotProved,0.001,NOT_PROVED,486,24,232,0,0,0
SYN073+1.p,TPTP_SYN,Resolution,Theorem,NotProved,0,NOT_PROVED,3,0,0,0,3,1
SYN079+1.p,TPTP_SYN,Baseline,Theorem,Timeout,5,TIMEOUT,7500466,12,0,0,0,0
SYN079+1.p,TPTP_SYN,Improved,Theorem,Proved,0,PROVED,33,8,13,3,0,0
SYN079+1.p,TPTP_SYN,Resolution,Theorem,NotProved,0,NOT_PROVED,3,0,0,0,4,0
SYN081+1.p,TPTP_SYN,Baseline,Theorem,Proved,0.002,PROVED,2784,20,0,0,0,0
SYN081+1.p,TPTP_SYN,Improved,Theorem,Proved,0,PROVED,53,10,21,4,0,0
SYN081+1.p,TPTP_SYN,Resolution,Theorem,Timeout,7.255,TIMEOUT,35,0,0,0,1203,0
SYN082+1.p,TPTP_SYN,Baseline,Theorem,Proved,0,PROVED,271,20,0,0,0,0
SYN082+1.p,TPTP_SYN,Improved,Theorem,Proved,0,PROVED,21,7,3,4,0,0
SYN082+1.p,TPTP_SYN,Resolution,Theorem,Proved,0,PROVED,8,0,0,0,19,5
SYN084+1.p,TPTP_SYN,Baseline,Theorem,NotProved,0.001,NOT_PROVED,1846,11,0,0,0,0
SYN084+1.p,TPTP_SYN,Improved,Theorem,NotProved,0,NOT_PROVED,363,11,0,0,0,0
SYN084+1.p,TPTP_SYN,Resolution,Theorem,NotProved,0,NOT_PROVED,21,0,0,0,129,13
SYN315+1.p,TPTP_SYN,Baseline,Theorem,Proved,0,PROVED,273,13,0,0,0,0
SYN315+1.p,TPTP_SYN,Improved,Theorem,Proved,0,PROVED,36,9,6,4,0,0
SYN315+1.p,TPTP_SYN,Resolution,Theorem,Proved,0,PROVED,8,0,0,0,15,5
SYN316+1.p,TPTP_SYN,Baseline,CounterSatisfiable,NotProved,0,NOT_PROVED,1022,20,0,0,0,0
SYN316+1.p,TPTP_SYN,Improved,CounterSatisfiable,Proved,0,PROVED,24,7,7,4,0,0
SYN316+1.p,TPTP_SYN,Resolution,CounterSatisfiable,Timeout,5,TIMEOUT,34,0,0,0,1142,0
SYN317+1.p,TPTP_SYN,Baseline,Theorem,Proved,0,PROVED,335,14,0,0,0,0
SYN317+1.p,TPTP_SYN,Improved,Theorem,Proved,0,PROVED,105,13,53,10,0,0
SYN317+1.p,TPTP_SYN,Resolution,Theorem,Proved,0,PROVED,7,0,0,0,21,4
SYN318+1.p,TPTP_SYN,Baseline,Theorem,NotProved,0.001,NOT_PROVED,1578,20,0,0,0,0
SYN318+1.p,TPTP_SYN,Improved,Theorem,Proved,0,PROVED,40,15,8,2,0,0
SYN318+1.p,TPTP_SYN,Resolution,Theorem,NotProved,0,NOT_PROVED,6,0,0,0,7,2
SYN319+1.p,TPTP_SYN,Baseline,Theorem,NotProved,0.034,NOT_PROVED,47818,20,0,0,0,0
SYN319+1.p,TPTP_SYN,Improved,Theorem,Proved,0,PROVED,37,14,6,7,0,0
SYN319+1.p,TPTP_SYN,Resolution,Theorem,Timeout,5,TIMEOUT,132,0,0,0,523,0
SYN320+1.p,TPTP_SYN,Baseline,CounterSatisfiable,NotProved,0.005,NOT_PROVED,4938,20,0,0,0,0
SYN320+1.p,TPTP_SYN,Improved,CounterSatisfiable,Proved,0,PROVED,15,7,6,2,0,0
SYN320+1.p,TPTP_SYN,Resolution,CounterSatisfiable,NotProved,0,NOT_PROVED,4,0,0,0,4,1
SYN321+1.p,TPTP_SYN,Baseline,Theorem,NotProved,0.624,NOT_PROVED,902199,20,0,0,0,0
SYN321+1.p,TPTP_SYN,Improved,Theorem,Proved,0.001,PROVED,304,20,138,22,0,0
SYN321+1.p,TPTP_SYN,Resolution,Theorem,Proved,0,PROVED,9,0,0,0,16,6
SYN322+1.p,TPTP_SYN,Baseline,CounterSatisfiable,NotProved,0.039,NOT_PROVED,72494,20,0,0,0,0
SYN322+1.p,TPTP_SYN,Improved,CounterSatisfiable,Timeout,5,TIMEOUT,1270626,36,844049,0,0,0
SYN322+1.p,TPTP_SYN,Resolution,CounterSatisfiable,NotProved,0,NOT_PROVED,4,0,0,0,5,2
SYN323+1.p,TPTP_SYN,Baseline,Theorem,NotProved,0.005,NOT_PROVED,8462,20,0,0,0,0
SYN323+1.p,TPTP_SYN,Improved,Theorem,Proved,0,PROVED,29,8,9,4,0,0
SYN323+1.p,TPTP_SYN,Resolution,Theorem,NotProved,0,NOT_PROVED,8,0,0,0,10,5
SYN324+1.p,TPTP_SYN,Baseline,CounterSatisfiable,NotProved,0.004,NOT_PROVED,9974,20,0,0,0,0
SYN324+1.p,TPTP_SYN,Improved,CounterSatisfiable,Proved,0,PROVED,36,9,6,4,0,0
SYN324+1.p,TPTP_SYN,Resolution,CounterSatisfiable,Timeout,5,TIMEOUT,59,0,0,0,1727,0
SYN325+1.p,TPTP_SYN,Baseline,Theorem,Proved,0,PROVED,193,15,0,0,0,0
SYN325+1.p,TPTP_SYN,Improved,Theorem,Proved,0,PROVED,28,9,7,4,0,0
SYN325+1.p,TPTP_SYN,Resolution,Theorem,Proved,0,PROVED,8,0,0,0,10,4
SYN326+1.p,TPTP_SYN,Baseline,Theorem,NotProved,0.001,NOT_PROVED,1786,20,0,0,0,0
SYN326+1.p,TPTP_SYN,Improved,Theorem,Proved,0,PROVED,59,17,10,8,0,0
SYN326+1.p,TPTP_SYN,Resolution,Theorem,Proved,0,PROVED,12,0,0,0,14,5
SYN327+1.p,TPTP_SYN,Baseline,Theorem,Proved,0,PROVED,108,12,0,0,0,0
SYN327+1.p,TPTP_SYN,Improved,Theorem,Proved,0,PROVED,16,9,2,2,0,0
SYN327+1.p,TPTP_SYN,Resolution,Theorem,Proved,0,PROVED,6,0,0,0,12,3
SYN330+1.p,TPTP_SYN,Baseline,CounterSatisfiable,Timeout,5,TIMEOUT,5608977,20,0,0,0,0
SYN330+1.p,TPTP_SYN,Improved,CounterSatisfiable,Proved,0,PROVED,46,17,6,6,0,0
SYN330+1.p,TPTP_SYN,Resolution,CounterSatisfiable,Timeout,5.867,TIMEOUT,138,0,0,0,2279,0
SYN331+1.p,TPTP_SYN,Baseline,Theorem,NotProved,0.012,NOT_PROVED,15546,20,0,0,0,0
SYN331+1.p,TPTP_SYN,Improved,Theorem,Proved,0,PROVED,18,10,6,2,0,0
SYN331+1.p,TPTP_SYN,Resolution,Theorem,NotProved,0,NOT_PROVED,4,0,0,0,8,1
SYN333+1.p,TPTP_SYN,Baseline,Theorem,Proved,0.002,PROVED,1312,18,0,0,0,0
SYN333+1.p,TPTP_SYN,Improved,Theorem,Proved,0,PROVED,44,10,20,5,0,0
SYN333+1.p,TPTP_SYN,Resolution,Theorem,Proved,0,PROVED,8,0,0,0,17,5
SYN334+1.p,TPTP_SYN,Baseline,Theorem,NotProved,0.016,NOT_PROVED,24722,20,0,0,0,0
SYN334+1.p,TPTP_SYN,Improved,Theorem,Proved,0,PROVED,21,9,6,4,0,0
SYN334+1.p,TPTP_SYN,Resolution,Theorem,Timeout,5,TIMEOUT,25,0,0,0,127,0
SYN335+1.p,TPTP_SYN,Baseline,CounterSatisfiable,NotProved,4.272,NOT_PROVED,14311382,20,0,0,0,0
SYN335+1.p,TPTP_SYN,Improved,CounterSatisfiable,Proved,0,PROVED,25,13,6,4,0,0
SYN335+1.p,TPTP_SYN,Resolution,CounterSatisfiable,Timeout,5.001,TIMEOUT,15,0,0,0,53,0
SYN336+1.p,TPTP_SYN,Baseline,Theorem,Proved,0,PROVED,186,15,0,0,0,0
SYN336+1.p,TPTP_SYN,Improved,Theorem,Proved,0.001,PROVED,94,21,44,1,0,0
SYN336+1.p,TPTP_SYN,Resolution,Theorem,Proved,0,PROVED,3,0,0,0,6,0
SYN337+1.p,TPTP_SYN,Baseline,CounterSatisfiable,NotProved,0.002,NOT_PROVED,2513,20,0,0,0,0
SYN337+1.p,TPTP_SYN,Improved,CounterSatisfiable,NotProved,0.002,NOT_PROVED,374,63,66,0,0,0
SYN337+1.p,TPTP_SYN,Resolution,CounterSatisfiable,NotProved,0,NOT_PROVED,4,0,0,0,5,0
SYN338+1.p,TPTP_SYN,Baseline,Theorem,Proved,0,PROVED,443,10,0,0,0,0
SYN338+1.p,TPTP_SYN,Improved,Theorem,Proved,0,PROVED,77,12,44,1,0,0
SYN338+1.p,TPTP_SYN,Resolution,Theorem,Proved,0,PROVED,3,0,0,0,4,0
SYN339+1.p,TPTP_SYN,Baseline,Theorem,Proved,0,PROVED,230,8,0,0,0,0
SYN339+1.p,TPTP_SYN,Improved,Theorem,Proved,0,PROVED,147,11,99,1,0,0
SYN339+1.p,TPTP_SYN,Resolution,Theorem,Proved,0,PROVED,2,0,0,0,3,0
SYN340+1.p,TPTP_SYN,Baseline,Theorem,Proved,0.048,PROVED,89954,10,0,0,0,0
SYN340+1.p,TPTP_SYN,Improved,Theorem,NotProved,0.007,NOT_PROVED,4411,21,3609,0,0,0
SYN340+1.p,TPTP_SYN,Resolution,Theorem,Proved,0,PROVED,2,0,0,0,3,0
SYN341+1.p,TPTP_SYN,Baseline,Theorem,Proved,0.001,PROVED,1159,10,0,0,0,0
SYN341+1.p,TPTP_SYN,Improved,Theorem,Proved,0,PROVED,319,18,206,1,0,0
SYN341+1.p,TPTP_SYN,Resolution,Theorem,Proved,0,PROVED,2,0,0,0,3,0
SYN342+1.p,TPTP_SYN,Baseline,CounterSatisfiable,Timeout,5,TIMEOUT,6173930,18,0,0,0,0
SYN342+1.p,TPTP_SYN,Improved,CounterSatisfiable,NotProved,0.028,NOT_PROVED,16176,22,13770,0,0,0
SYN342+1.p,TPTP_SYN,Resolution,CounterSatisfiable,NotProved,0,NOT_PROVED,2,0,0,0,2,0
SYN343+1.p,TPTP_SYN,Baseline,Theorem,Proved,0,PROVED,52,8,0,0,0,0
SYN343+1.p,TPTP_SYN,Improved,Theorem,Proved,0,PROVED,30,8,16,3,0,0
SYN343+1.p,TPTP_SYN,Resolution,Theorem,Proved,0,PROVED,4,0,0,0,8,2
SYN344+1.p,TPTP_SYN,Baseline,CounterSatisfiable,NotProved,0.009,NOT_PROVED,7422,20,0,0,0,0
SYN344+1.p,TPTP_SYN,Improved,CounterSatisfiable,NotProved,1.72,NOT_PROVED,116705,66,26860,0,0,0
SYN344+1.p,TPTP_SYN,Resolution,CounterSatisfiable,NotProved,0,NOT_PROVED,4,0,0,0,8,0
SYN345+1.p,TPTP_SYN,Baseline,Theorem,NotProved,0.332,NOT_PROVED,188169,20,0,0,0,0
SYN345+1.p,TPTP_SYN,Improved,Theorem,Proved,0.063,PROVED,6689,34,1844,743,0,0
SYN345+1.p,TPTP_SYN,Resolution,Theorem,Proved,0,PROVED,13,0,0,0,27,9
SYN346+1.p,TPTP_SYN,Baseline,Theorem,Proved,0,PROVED,66,10,0,0,0,0
SYN346+1.p,TPTP_SYN,Improved,Theorem,Proved,0,PROVED,22,10,6,2,0,0
SYN346+1.p,TPTP_SYN,Resolution,Theorem,Proved,0,PROVED,4,0,0,0,8,1
SYN347+1.p,TPTP_SYN,Baseline,Theorem,Proved,0.009,PROVED,10517,18,0,0,0,0
SYN347+1.p,TPTP_SYN,Improved,Theorem,Proved,0,PROVED,43,12,6,8,0,0
SYN347+1.p,TPTP_SYN,Resolution,Theorem,NotProved,0,NOT_PROVED,3,0,0,0,12,0
SYN348+1.p,TPTP_SYN,Baseline,CounterSatisfiable,NotProved,0.189,NOT_PROVED,211580,20,0,0,0,0
SYN348+1.p,TPTP_SYN,Improved,CounterSatisfiable,Proved,0,PROVED,72,14,6,16,0,0
SYN348+1.p,TPTP_SYN,Resolution,CounterSatisfiable,NotProved,0.024,NOT_PROVED,20,0,0,0,340,9
SYN349+1.p,TPTP_SYN,Baseline,Theorem,Proved,0.001,PROVED,2883,14,0,0,0,0
SYN349+1.p,TPTP_SYN,Improved,Theorem,Proved,0,PROVED,68,15,8,13,0,0
SYN349+1.p,TPTP_SYN,Resolution,Theorem,Proved,0,PROVED,20,0,0,0,61,14
SYN350+1.p,TPTP_SYN,Baseline,Theorem,NotProved,0.009,NOT_PROVED,17298,20,0,0,0,0
SYN350+1.p,TPTP_SYN,Improved,Theorem,Proved,0,PROVED,49,13,12,5,0,0
SYN350+1.p,TPTP_SYN,Resolution,Theorem,Proved,0,PROVED,7,0,0,0,18,4
SYN351+1.p,TPTP_SYN,Baseline,Theorem,Proved,0.056,PROVED,28814,19,0,0,0,0
SYN351+1.p,TPTP_SYN,Improved,Theorem,Proved,0,PROVED,42,15,10,3,0,0
SYN351+1.p,TPTP_SYN,Resolution,Theorem,Proved,0,PROVED,6,0,0,0,22,3
SYN352+1.p,TPTP_SYN,Baseline,Theorem,NotProved,0.24,NOT_PROVED,304665,20,0,0,0,0
SYN352+1.p,TPTP_SYN,Improved,Theorem,Proved,0,PROVED,35,13,6,6,0,0
SYN352+1.p,TPTP_SYN,Resolution,Theorem,NotProved,0,NOT_PROVED,12,0,0,0,20,5
SYN354+1.p,TPTP_SYN,Baseline,Theorem,NotProved,1.146,NOT_PROVED,853589,20,0,0,0,0
SYN354+1.p,TPTP_SYN,Improved,Theorem,Proved,0,PROVED,51,17,6,12,0,0
SYN354+1.p,TPTP_SYN,Resolution,Theorem,NotProved,0,NOT_PROVED,7,0,0,0,12,2
SYN355+1.p,TPTP_SYN,Baseline,Theorem,Proved,0,PROVED,56,9,0,0,0,0
SYN355+1.p,TPTP_SYN,Improved,Theorem,Proved,0,PROVED,28,9,8,3,0,0
SYN355+1.p,TPTP_SYN,Resolution,Theorem,Proved,0,PROVED,6,0,0,0,8,2
SYN356+1.p,TPTP_SYN,Baseline,Theorem,Proved,0.002,PROVED,3044,12,0,0,0,0
SYN356+1.p,TPTP_SYN,Improved,Theorem,Proved,0,PROVED,34,8,12,4,0,0
SYN356+1.p,TPTP_SYN,Resolution,Theorem,NotProved,0,NOT_PROVED,7,0,0,0,8,3
SYN357+1.p,TPTP_SYN,Baseline,Theorem,Proved,0,PROVED,9,3,0,0,0,0
SYN357+1.p,TPTP_SYN,Improved,Theorem,Proved,0,PROVED,7,3,2,1,0,0
SYN357+1.p,TPTP_SYN,Resolution,Theorem,Proved,0,PROVED,2,0,0,0,3,0
SYN358+1.p,TPTP_SYN,Baseline,Theorem,Proved,0,PROVED,148,12,0,0,0,0
SYN358+1.p,TPTP_SYN,Improved,Theorem,Proved,0,PROVED,27,6,8,2,0,0
SYN358+1.p,TPTP_SYN,Resolution,Theorem,Proved,0,PROVED,7,0,0,0,19,4
SYN359+1.p,TPTP_SYN,Baseline,Theorem,Proved,0.002,PROVED,2721,13,0,0,0,0
SYN359+1.p,TPTP_SYN,Improved,Theorem,Proved,0.001,PROVED,830,16,585,71,0,0
SYN359+1.p,TPTP_SYN,Resolution,Theorem,Proved,0,PROVED,7,0,0,0,10,3
SYN360+1.p,TPTP_SYN,Baseline,Theorem,NotProved,3.602,NOT_PROVED,6597479,20,0,0,0,0
SYN360+1.p,TPTP_SYN,Improved,Theorem,Timeout,7.234,TIMEOUT,1319036,40,986017,0,0,0
SYN360+1.p,TPTP_SYN,Resolution,Theorem,NotProved,0,NOT_PROVED,4,0,0,0,4,1
SYN361+1.p,TPTP_SYN,Baseline,Theorem,Proved,0.001,PROVED,621,13,0,0,0,0
SYN361+1.p,TPTP_SYN,Improved,Theorem,Proved,0.001,PROVED,639,15,457,29,0,0
SYN361+1.p,TPTP_SYN,Resolution,Theorem,Proved,0,PROVED,6,0,0,0,8,2
SYN362+1.p,TPTP_SYN,Baseline,Theorem,Proved,0.003,PROVED,5033,13,0,0,0,0
SYN362+1.p,TPTP_SYN,Improved,Theorem,Proved,0,PROVED,144,12,85,5,0,0
SYN362+1.p,TPTP_SYN,Resolution,Theorem,Proved,0,PROVED,4,0,0,0,6,1
SYN363+1.p,TPTP_SYN,Baseline,Theorem,Timeout,5,TIMEOUT,7442161,17,0,0,0,0
SYN363+1.p,TPTP_SYN,Improved,Theorem,NotProved,3.384,NOT_PROVED,907552,31,607005,0,0,0
SYN363+1.p,TPTP_SYN,Resolution,Theorem,NotProved,0,NOT_PROVED,2,0,0,0,3,0
SYN364+1.p,TPTP_SYN,Baseline,Theorem,Timeout,5,TIMEOUT,8138749,20,0,0,0,0
SYN364+1.p,TPTP_SYN,Improved,Theorem,Timeout,5.048,TIMEOUT,37539,24,25497,1575,0,0
SYN364+1.p,TPTP_SYN,Resolution,Theorem,NotProved,0,NOT_PROVED,15,0,0,0,26,3
SYN365+1.p,TPTP_SYN,Baseline,Theorem,Timeout,5,TIMEOUT,7456354,20,0,0,0,0
SYN365+1.p,TPTP_SYN,Improved,Theorem,Proved,0,PROVED,186,14,95,17,0,0
SYN365+1.p,TPTP_SYN,Resolution,Theorem,NotProved,0,NOT_PROVED,23,0,0,0,23,5
SYN366+1.p,TPTP_SYN,Baseline,Theorem,Proved,0,PROVED,55,6,0,0,0,0
SYN366+1.p,TPTP_SYN,Improved,Theorem,Proved,0,PROVED,22,6,11,1,0,0
SYN366+1.p,TPTP_SYN,Resolution,Theorem,Proved,0,PROVED,2,0,0,0,7,0
SYN367+1.p,TPTP_SYN,Baseline,Theorem,NotProved,0,NOT_PROVED,514,7,0,0,0,0
SYN367+1.p,TPTP_SYN,Improved,Theorem,Proved,0,PROVED,10,7,0,0,0,0
SYN367+1.p,TPTP_SYN,Resolution,Theorem,NotProved,0,NOT_PROVED,5,0,0,0,6,0
SYN368+1.p,TPTP_SYN,Baseline,Theorem,Proved,0,PROVED,27,6,0,0,0,0
SYN368+1.p,TPTP_SYN,Improved,Theorem,Proved,0,PROVED,14,6,5,1,0,0
SYN368+1.p,TPTP_SYN,Resolution,Theorem,Proved,0,PROVED,2,0,0,0,3,0
SYN369+1.p,TPTP_SYN,Baseline,Theorem,NotProved,0.01,NOT_PROVED,10342,20,0,0,0,0
SYN369+1.p,TPTP_SYN,Improved,Theorem,NotProved,0.001,NOT_PROVED,508,26,232,0,0,0
SYN369+1.p,TPTP_SYN,Resolution,Theorem,NotProved,0,NOT_PROVED,2,0,0,0,2,0
SYN370+1.p,TPTP_SYN,Baseline,Theorem,Timeout,5.783,TIMEOUT,6851952,20,0,0,0,0
SYN370+1.p,TPTP_SYN,Improved,Theorem,NotProved,0.023,NOT_PROVED,5422,21,2801,1846,0,0
SYN370+1.p,TPTP_SYN,Resolution,Theorem,Proved,0,PROVED,3,0,0,0,5,1
SYN371+1.p,TPTP_SYN,Baseline,Theorem,Proved,0,PROVED,46,7,0,0,0,0
SYN371+1.p,TPTP_SYN,Improved,Theorem,Proved,0,PROVED,49,8,21,5,0,0
SYN371+1.p,TPTP_SYN,Resolution,Theorem,Proved,0,PROVED,2,0,0,0,4,0
SYN372+1.p,TPTP_SYN,Baseline,Theorem,Proved,0,PROVED,30,6,0,0,0,0
SYN372+1.p,TPTP_SYN,Improved,Theorem,Proved,0,PROVED,22,6,9,2,0,0
SYN372+1.p,TPTP_SYN,Resolution,Theorem,Proved,0,PROVED,4,0,0,0,6,1
SYN373+1.p,TPTP_SYN,Baseline,Theorem,Proved,0,PROVED,213,13,0,0,0,0
SYN373+1.p,TPTP_SYN,Improved,Theorem,Proved,0,PROVED,101,13,39,13,0,0
SYN373+1.p,TPTP_SYN,Resolution,Theorem,Proved,0,PROVED,10,0,0,0,23,7
SYN374+1.p,TPTP_SYN,Baseline,Theorem,NotProved,0.004,NOT_PROVED,10790,20,0,0,0,0
SYN374+1.p,TPTP_SYN,Improved,Theorem,Proved,0,PROVED,219,15,85,19,0,0
SYN374+1.p,TPTP_SYN,Resolution,Theorem,Timeout,5,TIMEOUT,217,0,0,0,1752,9
SYN375+1.p,TPTP_SYN,Baseline,Theorem,NotProved,0.002,NOT_PROVED,8479,12,0,0,0,0
SYN375+1.p,TPTP_SYN,Improved,Theorem,Proved,0,PROVED,97,12,15,6,0,0
SYN375+1.p,TPTP_SYN,Resolution,Theorem,NotProved,0,NOT_PROVED,23,0,0,0,144,12
SYN376+1.p,TPTP_SYN,Baseline,Theorem,NotProved,0.007,NOT_PROVED,20971,20,0,0,0,0
SYN376+1.p,TPTP_SYN,Improved,Theorem,Proved,0,PROVED,11,8,2,0,0,0
SYN376+1.p,TPTP_SYN,Resolution,Theorem,NotProved,0,NOT_PROVED,4,0,0,0,5,1
SYN377+1.p,TPTP_SYN,Baseline,Theorem,NotProved,0.001,NOT_PROVED,2702,11,0,0,0,0
SYN377+1.p,TPTP_SYN,Improved,Theorem,NotProved,0,NOT_PROVED,598,18,116,32,0,0
SYN377+1.p,TPTP_SYN,Resolution,Theorem,NotProved,0,NOT_PROVED,18,0,0,0,132,13
SYN378+1.p,TPTP_SYN,Baseline,Theorem,NotProved,0,NOT_PROVED,398,5,0,0,0,0
SYN378+1.p,TPTP_SYN,Improved,Theorem,NotProved,0,NOT_PROVED,66,5,0,0,0,0
SYN378+1.p,TPTP_SYN,Resolution,Theorem,NotProved,0,NOT_PROVED,2,0,0,0,2,0
SYN379+1.p,TPTP_SYN,Baseline,Theorem,NotProved,0.031,NOT_PROVED,59490,20,0,0,0,0
SYN379+1.p,TPTP_SYN,Improved,Theorem,NotProved,0.016,NOT_PROVED,6604,53,4316,0,0,0
SYN379+1.p,TPTP_SYN,Resolution,Theorem,NotProved,0,NOT_PROVED,3,0,0,0,4,0
SYN380+1.p,TPTP_SYN,Baseline,Theorem,NotProved,0.002,NOT_PROVED,2726,20,0,0,0,0
SYN380+1.p,TPTP_SYN,Improved,Theorem,Proved,0,PROVED,45,10,17,4,0,0
SYN380+1.p,TPTP_SYN,Resolution,Theorem,NotProved,0,NOT_PROVED,5,0,0,0,5,2
SYN381+1.p,TPTP_SYN,Baseline,Theorem,Timeout,5,TIMEOUT,6629322,19,0,0,0,0
SYN381+1.p,TPTP_SYN,Improved,Theorem,Proved,0,PROVED,188,15,94,21,0,0
SYN381+1.p,TPTP_SYN,Resolution,Theorem,NotProved,0,NOT_PROVED,4,0,0,0,5,1
SYN382+1.p,TPTP_SYN,Baseline,Theorem,Timeout,5.448,TIMEOUT,4809217,18,0,0,0,0
SYN382+1.p,TPTP_SYN,Improved,Theorem,Timeout,5,TIMEOUT,1193197,31,714498,198297,0,0
SYN382+1.p,TPTP_SYN,Resolution,Theorem,NotProved,0,NOT_PROVED,4,0,0,0,4,1
SYN383+1.p,TPTP_SYN,Baseline,Theorem,Proved,0,PROVED,69,9,0,0,0,0
SYN383+1.p,TPTP_SYN,Improved,Theorem,Proved,0,PROVED,19,9,5,1,0,0
SYN383+1.p,TPTP_SYN,Resolution,Theorem,Proved,0,PROVED,3,0,0,0,5,0
SYN384+1.p,TPTP_SYN,Baseline,Theorem,Proved,0,PROVED,66,9,0,0,0,0
SYN384+1.p,TPTP_SYN,Improved,Theorem,Proved,0,PROVED,70,12,44,1,0,0
SYN384+1.p,TPTP_SYN,Resolution,Theorem,Proved,0,PROVED,2,0,0,0,3,0
SYN385+1.p,TPTP_SYN,Baseline,Theorem,Proved,0,PROVED,35,7,0,0,0,0
SYN385+1.p,TPTP_SYN,Improved,Theorem,Proved,0,PROVED,16,7,5,1,0,0
SYN385+1.p,TPTP_SYN,Resolution,Theorem,Proved,0,PROVED,3,0,0,0,4,0
SYN386+1.p,TPTP_SYN,Baseline,Theorem,Timeout,5,TIMEOUT,6284283,16,0,0,0,0
SYN386+1.p,TPTP_SYN,Improved,Theorem,Proved,0.108,PROVED,40121,39,30015,924,0,0
SYN386+1.p,TPTP_SYN,Resolution,Theorem,NotProved,0,NOT_PROVED,7,0,0,0,8,1
SYN387+1.p,TPTP_SYN,Baseline,Theorem,Proved,0,PROVED,5,2,0,0,0,0
SYN387+1.p,TPTP_SYN,Improved,Theorem,Proved,0,PROVED,3,2,0,0,0,0
SYN387+1.p,TPTP_SYN,Resolution,Theorem,Proved,0,PROVED,2,0,0,0,3,0
SYN388+1.p,TPTP_SYN,Baseline,Theorem,Proved,0,PROVED,14,4,0,0,0,0
SYN388+1.p,TPTP_SYN,Improved,Theorem,Proved,0,PROVED,5,4,0,0,0,0
SYN388+1.p,TPTP_SYN,Resolution,Theorem,Proved,0,PROVED,2,0,0,0,3,0
SYN389+1.p,TPTP_SYN,Baseline,Theorem,Proved,0,PROVED,10,3,0,0,0,0
SYN389+1.p,TPTP_SYN,Improved,Theorem,Proved,0,PROVED,5,3,0,0,0,0
SYN389+1.p,TPTP_SYN,Resolution,Theorem,Proved,0,PROVED,2,0,0,0,5,0
SYN390+1.p,TPTP_SYN,Baseline,Theorem,Proved,0,PROVED,7,2,0,0,0,0
SYN390+1.p,TPTP_SYN,Improved,Theorem,Proved,0,PROVED,5,2,0,0,0,0
SYN390+1.p,TPTP_SYN,Resolution,Theorem,Proved,0,PROVED,0,0,0,0,1,0
SYN391+1.p,TPTP_SYN,Baseline,Theorem,Proved,0,PROVED,253,8,0,0,0,0
SYN391+1.p,TPTP_SYN,Improved,Theorem,Proved,0,PROVED,30,9,0,0,0,0
SYN391+1.p,TPTP_SYN,Resolution,Theorem,Proved,0,PROVED,7,0,0,0,9,4
SYN392+1.p,TPTP_SYN,Baseline,Theorem,Proved,0,PROVED,75,7,0,0,0,0
SYN392+1.p,TPTP_SYN,Improved,Theorem,Proved,0,PROVED,39,9,0,0,0,0
SYN392+1.p,TPTP_SYN,Resolution,Theorem,Proved,0,PROVED,7,0,0,0,27,4
SYN393+1.003.p,TPTP_SYN,Baseline,Theorem,Proved,0,PROVED,752,11,0,0,0,0
SYN393+1.003.p,TPTP_SYN,Improved,Theorem,Proved,0,PROVED,131,13,0,0,0,0
SYN393+1.003.p,TPTP_SYN,Resolution,Theorem,Proved,0,PROVED,19,0,0,0,134,15
SYN394+1.p,TPTP_SYN,Baseline,Theorem,NotProved,0,NOT_PROVED,458,6,0,0,0,0
SYN394+1.p,TPTP_SYN,Improved,Theorem,NotProved,0,NOT_PROVED,77,6,0,0,0,0
SYN394+1.p,TPTP_SYN,Resolution,Theorem,NotProved,0,NOT_PROVED,3,0,0,0,3,0
SYN395+1.p,TPTP_SYN,Baseline,Theorem,Proved,0,PROVED,33,6,0,0,0,0
SYN395+1.p,TPTP_SYN,Improved,Theorem,Proved,0,PROVED,35,6,14,4,0,0
SYN395+1.p,TPTP_SYN,Resolution,Theorem,Proved,0,PROVED,4,0,0,0,6,1
SYN396+1.p,TPTP_SYN,Baseline,Theorem,Proved,0,PROVED,263,13,0,0,0,0
SYN396+1.p,TPTP_SYN,Improved,Theorem,Proved,0,PROVED,33,9,11,3,0,0
SYN396+1.p,TPTP_SYN,Resolution,Theorem,Proved,0,PROVED,4,0,0,0,10,2
SYN397+1.p,TPTP_SYN,Baseline,Theorem,NotProved,0,NOT_PROVED,759,7,0,0,0,0
SYN397+1.p,TPTP_SYN,Improved,Theorem,NotProved,0,NOT_PROVED,132,7,0,0,0,0
SYN397+1.p,TPTP_SYN,Resolution,Theorem,NotProved,0,NOT_PROVED,4,0,0,0,4,2
SYN398+1.p,TPTP_SYN,Baseline,Theorem,NotProved,0,NOT_PROVED,522,6,0,0,0,0
SYN398+1.p,TPTP_SYN,Improved,Theorem,NotProved,0,NOT_PROVED,88,6,0,0,0,0
SYN398+1.p,TPTP_SYN,Resolution,Theorem,NotProved,0,NOT_PROVED,6,0,0,0,13,3
SYN399+1.p,TPTP_SYN,Baseline,Theorem,NotProved,0.001,NOT_PROVED,2745,8,0,0,0,0
SYN399+1.p,TPTP_SYN,Improved,Theorem,NotProved,0,NOT_PROVED,231,8,0,0,0,0
SYN399+1.p,TPTP_SYN,Resolution,Theorem,NotProved,0,NOT_PROVED,6,0,0,0,16,0
SYN400+1.p,TPTP_SYN,Baseline,Theorem,Proved,0,PROVED,11,3,0,0,0,0
SYN400+1.p,TPTP_SYN,Improved,Theorem,Proved,0,PROVED,6,3,0,0,0,0
SYN400+1.p,TPTP_SYN,Resolution,Theorem,Proved,0,PROVED,0,0,0,0,1,0
SYN401+1.p,TPTP_SYN,Baseline,Theorem,NotProved,0,NOT_PROVED,269,3,0,0,0,0
SYN401+1.p,TPTP_SYN,Improved,Theorem,NotProved,0,NOT_PROVED,44,3,0,0,0,0
SYN401+1.p,TPTP_SYN,Resolution,Theorem,NotProved,0,NOT_PROVED,2,0,0,0,2,0
SYN402+1.p,TPTP_SYN,Baseline,Theorem,Proved,0,PROVED,9,3,0,0,0,0
SYN402+1.p,TPTP_SYN,Improved,Theorem,Proved,0,PROVED,8,3,2,1,0,0
SYN402+1.p,TPTP_SYN,Resolution,Theorem,Proved,0,PROVED,2,0,0,0,3,0
SYN403+1.p,TPTP_SYN,Baseline,Theorem,Proved,0,PROVED,39,6,0,0,0,0
SYN403+1.p,TPTP_SYN,Improved,Theorem,Proved,0,PROVED,9,6,0,0,0,0
SYN403+1.p,TPTP_SYN,Resolution,Theorem,Proved,0,PROVED,6,0,0,0,8,2
SYN404+1.p,TPTP_SYN,Baseline,Theorem,Proved,0,PROVED,9,3,0,0,0,0
SYN404+1.p,TPTP_SYN,Improved,Theorem,Proved,0,PROVED,8,3,2,1,0,0
SYN404+1.p,TPTP_SYN,Resolution,Theorem,Proved,0,PROVED,2,0,0,0,3,0
SYN405+1.p,TPTP_SYN,Baseline,Theorem,Proved,0,PROVED,111,8,0,0,0,0
SYN405+1.p,TPTP_SYN,Improved,Theorem,Proved,0,PROVED,59,7,35,3,0,0
SYN405+1.p,TPTP_SYN,Resolution,Theorem,Proved,0,PROVED,4,0,0,0,6,1
SYN406+1.p,TPTP_SYN,Baseline,Theorem,Proved,0,PROVED,277,13,0,0,0,0
SYN406+1.p,TPTP_SYN,Improved,Theorem,Proved,0,PROVED,51,8,25,5,0,0
SYN406+1.p,TPTP_SYN,Resolution,Theorem,Proved,0,PROVED,6,0,0,0,8,2
SYN407+1.p,TPTP_SYN,Baseline,Theorem,NotProved,0.001,NOT_PROVED,1394,20,0,0,0,0
SYN407+1.p,TPTP_SYN,Improved,Theorem,NotProved,0.005,NOT_PROVED,2008,27,368,686,0,0
SYN407+1.p,TPTP_SYN,Resolution,Theorem,NotProved,0,NOT_PROVED,5,0,0,0,5,1
SYN408+1.p,TPTP_SYN,Baseline,Theorem,NotProved,0,NOT_PROVED,269,3,0,0,0,0
SYN408+1.p,TPTP_SYN,Improved,Theorem,NotProved,0,NOT_PROVED,44,3,0,0,0,0
SYN408+1.p,TPTP_SYN,Resolution,Theorem,NotProved,0,NOT_PROVED,2,0,0,0,2,1
SYN409+1.p,TPTP_SYN,Baseline,Theorem,NotProved,0,NOT_PROVED,458,6,0,0,0,0
SYN409+1.p,TPTP_SYN,Improved,Theorem,NotProved,0,NOT_PROVED,77,6,0,0,0,0
SYN409+1.p,TPTP_SYN,Resolution,Theorem,NotProved,0,NOT_PROVED,4,0,0,0,7,2
SYN410+1.p,TPTP_SYN,Baseline,Theorem,Proved,0,PROVED,22,5,0,0,0,0
SYN410+1.p,TPTP_SYN,Improved,Theorem,Proved,0,PROVED,18,5,6,1,0,0
SYN410+1.p,TPTP_SYN,Resolution,Theorem,Proved,0,PROVED,2,0,0,0,3,0
SYN411+1.p,TPTP_SYN,Baseline,Theorem,NotProved,0,NOT_PROVED,658,10,0,0,0,0
SYN411+1.p,TPTP_SYN,Improved,Theorem,NotProved,0,NOT_PROVED,121,10,0,0,0,0
SYN411+1.p,TPTP_SYN,Resolution,Theorem,NotProved,0,NOT_PROVED,4,0,0,0,5,2
SYN412+1.p,TPTP_SYN,Baseline,Theorem,Proved,0,PROVED,60,8,0,0,0,0
SYN412+1.p,TPTP_SYN,Improved,Theorem,Proved,0,PROVED,18,8,2,2,0,0
SYN412+1.p,TPTP_SYN,Resolution,Theorem,Proved,0,PROVED,4,0,0,0,7,2
SYN413+1.p,TPTP_SYN,Baseline,Theorem,NotProved,0.044,NOT_PROVED,100914,20,0,0,0,0
SYN413+1.p,TPTP_SYN,Improved,Theorem,Proved,0,PROVED,87,20,38,3,0,0
SYN413+1.p,TPTP_SYN,Resolution,Theorem,NotProved,0,NOT_PROVED,6,0,0,0,8,2
SYN414+1.p,TPTP_SYN,Baseline,CounterSatisfiable,NotProved,0.002,NOT_PROVED,3607,12,0,0,0,0
SYN414+1.p,TPTP_SYN,Improved,CounterSatisfiable,NotProved,0,NOT_PROVED,187,12,0,0,0,0
SYN414+1.p,TPTP_SYN,Resolution,CounterSatisfiable,NotProved,0,NOT_PROVED,22,0,0,0,61,17
SYN416+1.p,TPTP_SYN,Baseline,Theorem,Proved,0,PROVED,10,3,0,0,0,0
SYN416+1.p,TPTP_SYN,Improved,Theorem,Proved,0,PROVED,4,3,0,0,0,0
SYN416+1.p,TPTP_SYN,Resolution,Theorem,Proved,0,PROVED,3,0,0,0,5,0
SYN457+1.p,TPTP_SYN,Baseline,Theorem,NotProved,0,NOT_PROVED,878,20,0,0,0,0
SYN457+1.p,TPTP_SYN,Improved,Theorem,Timeout,6.23,TIMEOUT,99734,360,25525,0,0,0
SYN457+1.p,TPTP_SYN,Resolution,Theorem,Timeout,5,TIMEOUT,3551,0,0,0,30728,395
SYN548+1.p,TPTP_SYN,Baseline,Theorem,Timeout,5,TIMEOUT,6447357,20,0,0,0,0
SYN548+1.p,TPTP_SYN,Improved,Theorem,Timeout,5,TIMEOUT,851970,81,411524,46796,0,0
SYN548+1.p,TPTP_SYN,Resolution,Theorem,NotProved,0.367,NOT_PROVED,465,0,0,0,7677,155
SYN549+1.p,TPTP_SYN,Baseline,Theorem,Timeout,5,TIMEOUT,6266294,17,0,0,0,0
SYN549+1.p,TPTP_SYN,Improved,Theorem,Proved,0.013,PROVED,5512,30,3862,384,0,0
SYN549+1.p,TPTP_SYN,Resolution,Theorem,Timeout,5,TIMEOUT,796,0,0,0,15494,370
SYN721+1.p,TPTP_SYN,Baseline,Theorem,Timeout,7.247,TIMEOUT,7940781,17,0,0,0,0
SYN721+1.p,TPTP_SYN,Improved,Theorem,Timeout,5,TIMEOUT,1267982,37,912110,0,0,0
SYN721+1.p,TPTP_SYN,Resolution,Theorem,NotProved,0,NOT_PROVED,4,0,0,0,5,0
SYN722+1.p,TPTP_SYN,Baseline,Theorem,NotProved,0.127,NOT_PROVED,313532,20,0,0,0,0
SYN722+1.p,TPTP_SYN,Improved,Theorem,Proved,0,PROVED,81,15,21,13,0,0
SYN722+1.p,TPTP_SYN,Resolution,Theorem,Proved,0,PROVED,12,0,0,0,44,7
SYN723+1.p,TPTP_SYN,Baseline,Theorem,NotProved,0.039,NOT_PROVED,85054,20,0,0,0,0
SYN723+1.p,TPTP_SYN,Improved,Theorem,Timeout,5,TIMEOUT,899627,56,353435,12088,0,0
SYN723+1.p,TPTP_SYN,Resolution,Theorem,Timeout,5,TIMEOUT,0,0,0,0,0,0
SYN724+1.p,TPTP_SYN,Baseline,Theorem,NotProved,0.002,NOT_PROVED,1390,8,0,0,0,0
SYN724+1.p,TPTP_SYN,Improved,Theorem,Proved,0,PROVED,57,10,2,4,0,0
SYN724+1.p,TPTP_SYN,Resolution,Theorem,NotProved,0,NOT_PROVED,12,0,0,0,33,9
SYN725+1.p,TPTP_SYN,Baseline,CounterSatisfiable,NotProved,0,NOT_PROVED,398,5,0,0,0,0
SYN725+1.p,TPTP_SYN,Improved,CounterSatisfiable,NotProved,0,NOT_PROVED,66,5,0,0,0,0
SYN725+1.p,TPTP_SYN,Resolution,CounterSatisfiable,NotProved,0,NOT_PROVED,3,0,0,0,3,0
SYN726+1.p,TPTP_SYN,Baseline,Theorem,Timeout,5,TIMEOUT,5597982,13,0,0,0,0
SYN726+1.p,TPTP_SYN,Improved,Theorem,Proved,0.266,PROVED,29799,37,22031,15,0,0
SYN726+1.p,TPTP_SYN,Resolution,Theorem,NotProved,0,NOT_PROVED,5,0,0,0,8,1
SYN727+1.p,TPTP_SYN,Baseline,Theorem,Timeout,5,TIMEOUT,7417540,17,0,0,0,0
SYN727+1.p,TPTP_SYN,Improved,Theorem,NotProved,3.416,NOT_PROVED,907561,31,607013,0,0,0
SYN727+1.p,TPTP_SYN,Resolution,Theorem,NotProved,0,NOT_PROVED,2,0,0,0,3,0
SYN728+1.p,TPTP_SYN,Baseline,Theorem,Timeout,7.224,TIMEOUT,8319826,20,0,0,0,0
SYN728+1.p,TPTP_SYN,Improved,Theorem,Timeout,5.028,TIMEOUT,37539,24,25497,1575,0,0
SYN728+1.p,TPTP_SYN,Resolution,Theorem,NotProved,0,NOT_PROVED,15,0,0,0,26,3
SYN729+1.p,TPTP_SYN,Baseline,Theorem,Timeout,5,TIMEOUT,7620631,20,0,0,0,0
SYN729+1.p,TPTP_SYN,Improved,Theorem,Proved,0,PROVED,206,14,105,26,0,0
SYN729+1.p,TPTP_SYN,Resolution,Theorem,NotProved,0,NOT_PROVED,23,0,0,0,23,5
SYN730+1.p,TPTP_SYN,Baseline,Theorem,Timeout,5,TIMEOUT,7039788,20,0,0,0,0
SYN730+1.p,TPTP_SYN,Improved,Theorem,NotProved,0.023,NOT_PROVED,5422,21,2801,1846,0,0
SYN730+1.p,TPTP_SYN,Resolution,Theorem,Proved,0,PROVED,3,0,0,0,5,1
SYN731+1.p,TPTP_SYN,Baseline,Theorem,Timeout,5,TIMEOUT,6940306,14,0,0,0,0
SYN731+1.p,TPTP_SYN,Improved,Theorem,NotProved,0.223,NOT_PROVED,137647,21,127496,0,0,0
SYN731+1.p,TPTP_SYN,Resolution,Theorem,NotProved,0,NOT_PROVED,2,0,0,0,2,0
SYN732+1.p,TPTP_SYN,Baseline,Theorem,Proved,0,PROVED,66,7,0,0,0,0
SYN732+1.p,TPTP_SYN,Improved,Theorem,Proved,0.001,PROVED,265,9,205,4,0,0
SYN732+1.p,TPTP_SYN,Resolution,Theorem,Proved,0,PROVED,2,0,0,0,5,0
SYN733+1.p,TPTP_SYN,Baseline,Theorem,Proved,0,PROVED,40,7,0,0,0,0
SYN733+1.p,TPTP_SYN,Improved,Theorem,Proved,0,PROVED,26,7,9,4,0,0
SYN733+1.p,TPTP_SYN,Resolution,Theorem,Proved,0,PROVED,5,0,0,0,7,2
SYN917+1.p,TPTP_SYN,Baseline,Theorem,NotProved,0.001,NOT_PROVED,2550,20,0,0,0,0
SYN917+1.p,TPTP_SYN,Improved,Theorem,Timeout,5.839,TIMEOUT,1610709,36,664664,270344,0,0
SYN917+1.p,TPTP_SYN,Resolution,Theorem,Timeout,6.452,TIMEOUT,0,0,0,0,0,0
SYN918+1.p,TPTP_SYN,Baseline,Theorem,NotProved,0.004,NOT_PROVED,8394,20,0,0,0,0
SYN918+1.p,TPTP_SYN,Improved,Theorem,Timeout,5,TIMEOUT,1342209,33,539375,227854,0,0
SYN918+1.p,TPTP_SYN,Resolution,Theorem,Timeout,5,TIMEOUT,230,0,0,0,238,0
SYN919+1.p,TPTP_SYN,Baseline,Theorem,Proved,0.005,PROVED,5512,13,0,0,0,0
SYN919+1.p,TPTP_SYN,Improved,Theorem,Proved,0,PROVED,163,12,80,41,0,0
SYN919+1.p,TPTP_SYN,Resolution,Theorem,NotProved,0,NOT_PROVED,2,0,0,0,4,0
SYN920+1.p,TPTP_SYN,Baseline,Theorem,NotProved,0.012,NOT_PROVED,32571,20,0,0,0,0
SYN920+1.p,TPTP_SYN,Improved,Theorem,Timeout,5,TIMEOUT,1744510,30,859211,178942,0,0
SYN920+1.p,TPTP_SYN,Resolution,Theorem,Timeout,5,TIMEOUT,228,0,0,0,236,0
SYN921+1.p,TPTP_SYN,Baseline,Theorem,Proved,0,PROVED,55,9,0,0,0,0
SYN921+1.p,TPTP_SYN,Improved,Theorem,Proved,0,PROVED,9,5,2,1,0,0
SYN921+1.p,TPTP_SYN,Resolution,Theorem,Proved,0,PROVED,4,0,0,0,6,1
SYN922+1.p,TPTP_SYN,Baseline,Theorem,NotProved,0,NOT_PROVED,647,6,0,0,0,0
SYN922+1.p,TPTP_SYN,Improved,Theorem,Proved,0,PROVED,59,7,14,4,0,0
SYN922+1.p,TPTP_SYN,Resolution,Theorem,NotProved,0,NOT_PROVED,7,0,0,0,12,4
SYN923+1.p,TPTP_SYN,Baseline,Theorem,Proved,0,PROVED,29,6,0,0,0,0
SYN923+1.p,TPTP_SYN,Improved,Theorem,Proved,0,PROVED,23,6,7,3,0,0
SYN923+1.p,TPTP_SYN,Resolution,Theorem,Proved,0,PROVED,4,0,0,0,6,1
SYN924+1.p,TPTP_SYN,Baseline,Theorem,Proved,0,PROVED,329,14,0,0,0,0
SYN924+1.p,TPTP_SYN,Improved,Theorem,Proved,0,PROVED,106,9,59,7,0,0
SYN924+1.p,TPTP_SYN,Resolution,Theorem,Proved,0,PROVED,6,0,0,0,27,3
SYN925+1.p,TPTP_SYN,Baseline,Theorem,Proved,0,PROVED,20,5,0,0,0,0
SYN925+1.p,TPTP_SYN,Improved,Theorem,Proved,0,PROVED,13,5,5,1,0,0
SYN925+1.p,TPTP_SYN,Resolution,Theorem,Proved,0,PROVED,2,0,0,0,3,0
SYN926+1.p,TPTP_SYN,Baseline,Theorem,Proved,0,PROVED,29,6,0,0,0,0
SYN926+1.p,TPTP_SYN,Improved,Theorem,Proved,0,PROVED,34,7,18,3,0,0
SYN926+1.p,TPTP_SYN,Resolution,Theorem,Proved,0,PROVED,4,0,0,0,6,1
SYN927+1.p,TPTP_SYN,Baseline,Theorem,NotProved,0,NOT_PROVED,269,3,0,0,0,0
SYN927+1.p,TPTP_SYN,Improved,Theorem,NotProved,0,NOT_PROVED,44,3,0,0,0,0
SYN927+1.p,TPTP_SYN,Resolution,Theorem,NotProved,0,NOT_PROVED,2,0,0,0,2,0
SYN928+1.p,TPTP_SYN,Baseline,Theorem,Proved,0,PROVED,9,3,0,0,0,0
SYN928+1.p,TPTP_SYN,Improved,Theorem,Proved,0,PROVED,8,3,2,1,0,0
SYN928+1.p,TPTP_SYN,Resolution,Theorem,Proved,0,PROVED,2,0,0,0,3,0
SYN929+1.p,TPTP_SYN,Baseline,Theorem,NotProved,0,NOT_PROVED,269,3,0,0,0,0
SYN929+1.p,TPTP_SYN,Improved,Theorem,NotProved,0,NOT_PROVED,44,3,0,0,0,0
SYN929+1.p,TPTP_SYN,Resolution,Theorem,NotProved,0,NOT_PROVED,1,0,0,0,1,0
SYN930+1.p,TPTP_SYN,Baseline,Theorem,NotProved,0,NOT_PROVED,458,6,0,0,0,0
SYN930+1.p,TPTP_SYN,Improved,Theorem,Proved,0,PROVED,20,6,2,1,0,0
SYN930+1.p,TPTP_SYN,Resolution,Theorem,NotProved,0,NOT_PROVED,10,0,0,0,20,7
SYN931+1.p,TPTP_SYN,Baseline,Theorem,Proved,0,PROVED,141,12,0,0,0,0
SYN931+1.p,TPTP_SYN,Improved,Theorem,Proved,0,PROVED,24,6,7,2,0,0
SYN931+1.p,TPTP_SYN,Resolution,Theorem,Proved,0,PROVED,9,0,0,0,19,6
SYN932+1.p,TPTP_SYN,Baseline,Theorem,Proved,0,PROVED,11,3,0,0,0,0
SYN932+1.p,TPTP_SYN,Improved,Theorem,Proved,0,PROVED,8,3,2,0,0,0
SYN932+1.p,TPTP_SYN,Resolution,Theorem,Proved,0,PROVED,0,0,0,0,1,0
SYN933+1.p,TPTP_SYN,Baseline,Theorem,Proved,0,PROVED,11,3,0,0,0,0
SYN933+1.p,TPTP_SYN,Improved,Theorem,Proved,0,PROVED,6,3,0,0,0,0
SYN933+1.p,TPTP_SYN,Resolution,Theorem,Proved,0,PROVED,0,0,0,0,1,0
SYN934+1.p,TPTP_SYN,Baseline,Theorem,Proved,0,PROVED,145,12,0,0,0,0
SYN934+1.p,TPTP_SYN,Improved,Theorem,Proved,0,PROVED,31,8,10,3,0,0
SYN934+1.p,TPTP_SYN,Resolution,Theorem,Proved,0,PROVED,5,0,0,0,20,2
SYN935+1.p,TPTP_SYN,Baseline,Theorem,Proved,0,PROVED,104,12,0,0,0,0
SYN935+1.p,TPTP_SYN,Improved,Theorem,Proved,0,PROVED,30,6,7,3,0,0
SYN935+1.p,TPTP_SYN,Resolution,Theorem,Proved,0,PROVED,9,0,0,0,19,6
SYN936+1.p,TPTP_SYN,Baseline,Theorem,NotProved,0,NOT_PROVED,518,6,0,0,0,0
SYN936+1.p,TPTP_SYN,Improved,Theorem,Proved,0,PROVED,28,6,2,1,0,0
SYN936+1.p,TPTP_SYN,Resolution,Theorem,NotProved,0,NOT_PROVED,8,0,0,0,20,5
SYN937+1.p,TPTP_SYN,Baseline,Theorem,NotProved,0,NOT_PROVED,1118,6,0,0,0,0
SYN937+1.p,TPTP_SYN,Improved,Theorem,NotProved,0,NOT_PROVED,157,6,22,10,0,0
SYN937+1.p,TPTP_SYN,Resolution,Theorem,NotProved,0,NOT_PROVED,6,0,0,0,14,3
SYN939+1.p,TPTP_SYN,Baseline,Theorem,Timeout,7.203,TIMEOUT,11154138,20,0,0,0,0
SYN939+1.p,TPTP_SYN,Improved,Theorem,Proved,0,PROVED,60,12,19,12,0,0
SYN939+1.p,TPTP_SYN,Resolution,Theorem,NotProved,0,NOT_PROVED,12,0,0,0,14,9
SYN940+1.p,TPTP_SYN,Baseline,Theorem,Timeout,5,TIMEOUT,10796249,20,0,0,0,0
SYN940+1.p,TPTP_SYN,Improved,Theorem,NotProved,0.028,NOT_PROVED,7079,51,2801,2382,0,0
SYN940+1.p,TPTP_SYN,Resolution,Theorem,Proved,0,PROVED,10,0,0,0,18,6
SYN941+1.p,TPTP_SYN,Baseline,Theorem,Proved,0.138,PROVED,284076,20,0,0,0,0
SYN941+1.p,TPTP_SYN,Improved,Theorem,NotProved,0.029,NOT_PROVED,7068,50,2801,2382,0,0
SYN941+1.p,TPTP_SYN,Resolution,Theorem,Proved,0,PROVED,10,0,0,0,18,6
SYN942+1.p,TPTP_SYN,Baseline,Theorem,Proved,0,PROVED,588,17,0,0,0,0
SYN942+1.p,TPTP_SYN,Improved,Theorem,Proved,0,PROVED,97,11,47,10,0,0
SYN942+1.p,TPTP_SYN,Resolution,Theorem,Proved,0,PROVED,7,0,0,0,11,3
SYN943+1.p,TPTP_SYN,Baseline,Theorem,Timeout,5,TIMEOUT,3067238,20,0,0,0,0
SYN943+1.p,TPTP_SYN,Improved,Theorem,Proved,0,PROVED,94,17,62,8,0,0
SYN943+1.p,TPTP_SYN,Resolution,Theorem,NotProved,0,NOT_PROVED,12,0,0,0,15,6
SYN944+1.p,TPTP_SYN,Baseline,Theorem,Proved,0.092,PROVED,204545,16,0,0,0,0
SYN944+1.p,TPTP_SYN,Improved,Theorem,Proved,0.005,PROVED,3374,20,2391,415,0,0
SYN944+1.p,TPTP_SYN,Resolution,Theorem,Proved,0,PROVED,11,0,0,0,13,3
SYN945+1.p,TPTP_SYN,Baseline,Theorem,NotProved,0,NOT_PROVED,398,5,0,0,0,0
SYN945+1.p,TPTP_SYN,Improved,Theorem,NotProved,0,NOT_PROVED,66,5,0,0,0,0
SYN945+1.p,TPTP_SYN,Resolution,Theorem,NotProved,0,NOT_PROVED,2,0,0,0,2,0
SYN946+1.p,TPTP_SYN,Baseline,Theorem,Proved,0,PROVED,41,6,0,0,0,0
SYN946+1.p,TPTP_SYN,Improved,Theorem,Proved,0,PROVED,36,8,17,1,0,0
SYN946+1.p,TPTP_SYN,Resolution,Theorem,Proved,0,PROVED,3,0,0,0,5,0
SYN947+1.p,TPTP_SYN,Baseline,Theorem,NotProved,0.004,NOT_PROVED,5778,20,0,0,0,0
SYN947+1.p,TPTP_SYN,Improved,Theorem,NotProved,0.005,NOT_PROVED,2862,32,2014,0,0,0
SYN947+1.p,TPTP_SYN,Resolution,Theorem,NotProved,0,NOT_PROVED,4,0,0,0,4,0
SYN948+1.p,TPTP_SYN,Baseline,Theorem,Proved,0,PROVED,20,5,0,0,0,0
SYN948+1.p,TPTP_SYN,Improved,Theorem,Proved,0,PROVED,16,5,6,1,0,0
SYN948+1.p,TPTP_SYN,Resolution,Theorem,Proved,0,PROVED,2,0,0,0,4,0
SYN949+1.p,TPTP_SYN,Baseline,Theorem,Proved,0.093,PROVED,204545,16,0,0,0,0
SYN949+1.p,TPTP_SYN,Improved,Theorem,Proved,0.005,PROVED,3374,20,2391,415,0,0
SYN949+1.p,TPTP_SYN,Resolution,Theorem,Proved,0,PROVED,11,0,0,0,13,3
SYN950+1.p,TPTP_SYN,Baseline,Theorem,NotProved,0.002,NOT_PROVED,3818,20,0,0,0,0
SYN950+1.p,TPTP_SYN,Improved,Theorem,NotProved,0.111,NOT_PROVED,32473,36,2085,8224,0,0
SYN950+1.p,TPTP_SYN,Resolution,Theorem,NotProved,0,NOT_PROVED,5,0,0,0,6,2
SYN951+1.p,TPTP_SYN,Baseline,Theorem,Proved,0,PROVED,51,8,0,0,0,0
SYN951+1.p,TPTP_SYN,Improved,Theorem,Proved,0,PROVED,19,8,6,1,0,0
SYN951+1.p,TPTP_SYN,Resolution,Theorem,Proved,0,PROVED,14,0,0,0,20,9
SYN952+1.p,TPTP_SYN,Baseline,Theorem,Proved,0,PROVED,9,3,0,0,0,0
SYN952+1.p,TPTP_SYN,Improved,Theorem,Proved,0,PROVED,8,3,2,1,0,0
SYN952+1.p,TPTP_SYN,Resolution,Theorem,Proved,0,PROVED,2,0,0,0,3,0
SYN953+1.p,TPTP_SYN,Baseline,Theorem,NotProved,0,NOT_PROVED,458,6,0,0,0,0
SYN953+1.p,TPTP_SYN,Improved,Theorem,Proved,0,PROVED,8,6,0,0,0,0
SYN953+1.p,TPTP_SYN,Resolution,Theorem,NotProved,0,NOT_PROVED,3,0,0,0,3,0
SYN954+1.p,TPTP_SYN,Baseline,Theorem,NotProved,0.001,NOT_PROVED,3818,20,0,0,0,0
SYN954+1.p,TPTP_SYN,Improved,Theorem,NotProved,0.105,NOT_PROVED,32473,36,2085,8224,0,0
SYN954+1.p,TPTP_SYN,Resolution,Theorem,NotProved,0,NOT_PROVED,5,0,0,0,6,2
SYN955+1.p,TPTP_SYN,Baseline,Theorem,Proved,0,PROVED,33,6,0,0,0,0
SYN955+1.p,TPTP_SYN,Improved,Theorem,Proved,0,PROVED,35,6,14,4,0,0
SYN955+1.p,TPTP_SYN,Resolution,Theorem,Proved,0,PROVED,4,0,0,0,6,1
SYN956+1.p,TPTP_SYN,Baseline,Theorem,Proved,0,PROVED,137,11,0,0,0,0
SYN956+1.p,TPTP_SYN,Improved,Theorem,Proved,0,PROVED,21,6,8,3,0,0
SYN956+1.p,TPTP_SYN,Resolution,Theorem,Proved,0,PROVED,4,0,0,0,6,1
SYN957+1.p,TPTP_SYN,Baseline,Theorem,Proved,0,PROVED,60,8,0,0,0,0
SYN957+1.p,TPTP_SYN,Improved,Theorem,Proved,0,PROVED,18,8,2,2,0,0
SYN957+1.p,TPTP_SYN,Resolution,Theorem,Proved,0,PROVED,4,0,0,0,7,2
SYN958+1.p,TPTP_SYN,Baseline,Theorem,Proved,0,PROVED,32,6,0,0,0,0
SYN958+1.p,TPTP_SYN,Improved,Theorem,Proved,0,PROVED,31,6,15,3,0,0
SYN958+1.p,TPTP_SYN,Resolution,Theorem,Proved,0,PROVED,4,0,0,0,6,1
SYN959+1.p,TPTP_SYN,Baseline,Theorem,Proved,0,PROVED,14,4,0,0,0,0
SYN959+1.p,TPTP_SYN,Improved,Theorem,Proved,0,PROVED,12,4,6,1,0,0
SYN959+1.p,TPTP_SYN,Resolution,Theorem,Proved,0,PROVED,3,0,0,0,4,0
SYN960+1.p,TPTP_SYN,Baseline,Theorem,Proved,0,PROVED,460,12,0,0,0,0
SYN960+1.p,TPTP_SYN,Improved,Theorem,Proved,0,PROVED,89,8,62,3,0,0
SYN960+1.p,TPTP_SYN,Resolution,Theorem,Proved,0,PROVED,3,0,0,0,9,1
SYN961+1.p,TPTP_SYN,Baseline,Theorem,NotProved,0,NOT_PROVED,398,5,0,0,0,0
SYN961+1.p,TPTP_SYN,Improved,Theorem,NotProved,0,NOT_PROVED,66,5,0,0,0,0
SYN961+1.p,TPTP_SYN,Resolution,Theorem,NotProved,0,NOT_PROVED,2,0,0,0,2,0
SYN962+1.p,TPTP_SYN,Baseline,Theorem,NotProved,0,NOT_PROVED,334,4,0,0,0,0
SYN962+1.p,TPTP_SYN,Improved,Theorem,NotProved,0,NOT_PROVED,77,5,0,0,0,0
SYN962+1.p,TPTP_SYN,Resolution,Theorem,NotProved,0,NOT_PROVED,2,0,0,0,2,0
SYN963+1.p,TPTP_SYN,Baseline,Theorem,Proved,0,PROVED,61,8,0,0,0,0
SYN963+1.p,TPTP_SYN,Improved,Theorem,Proved,0,PROVED,20,6,8,3,0,0
SYN963+1.p,TPTP_SYN,Resolution,Theorem,Proved,0,PROVED,4,0,0,0,11,2
SYN964+1.p,TPTP_SYN,Baseline,Theorem,Proved,0,PROVED,9,3,0,0,0,0
SYN964+1.p,TPTP_SYN,Improved,Theorem,Proved,0,PROVED,11,3,6,1,0,0
SYN964+1.p,TPTP_SYN,Resolution,Theorem,Proved,0,PROVED,2,0,0,0,3,0
SYN965+1.p,TPTP_SYN,Baseline,Theorem,Proved,0,PROVED,669,10,0,0,0,0
SYN965+1.p,TPTP_SYN,Improved,Theorem,Proved,0,PROVED,36,8,19,3,0,0
SYN965+1.p,TPTP_SYN,Resolution,Theorem,NotProved,0,NOT_PROVED,6,0,0,0,14,3
SYN966+1.p,TPTP_SYN,Baseline,Theorem,NotProved,0.001,NOT_PROVED,3295,12,0,0,0,0
SYN966+1.p,TPTP_SYN,Improved,Theorem,NotProved,0,NOT_PROVED,209,12,0,0,0,0
SYN966+1.p,TPTP_SYN,Resolution,Theorem,NotProved,0,NOT_PROVED,10,0,0,0,82,0
SYN967+1.p,TPTP_SYN,Baseline,Theorem,NotProved,0.002,NOT_PROVED,3818,20,0,0,0,0
SYN967+1.p,TPTP_SYN,Improved,Theorem,NotProved,0.107,NOT_PROVED,32473,36,2085,8224,0,0
SYN967+1.p,TPTP_SYN,Resolution,Theorem,NotProved,0,NOT_PROVED,5,0,0,0,6,2
SYN968+1.p,TPTP_SYN,Baseline,Theorem,Proved,0,PROVED,27,6,0,0,0,0
SYN968+1.p,TPTP_SYN,Improved,Theorem,Proved,0,PROVED,14,6,5,1,0,0
SYN968+1.p,TPTP_SYN,Resolution,Theorem,Proved,0,PROVED,2,0,0,0,3,0
SYN969+1.p,TPTP_SYN,Baseline,Theorem,NotProved,0.001,NOT_PROVED,1358,20,0,0,0,0
SYN969+1.p,TPTP_SYN,Improved,Theorem,NotProved,0.019,NOT_PROVED,3752,36,820,0,0,0
SYN969+1.p,TPTP_SYN,Resolution,Theorem,NotProved,0,NOT_PROVED,5,0,0,0,5,1
SYN970+1.p,TPTP_SYN,Baseline,Theorem,Proved,0,PROVED,29,5,0,0,0,0
SYN970+1.p,TPTP_SYN,Improved,Theorem,Proved,0,PROVED,19,7,6,2,0,0
SYN970+1.p,TPTP_SYN,Resolution,Theorem,Proved,0,PROVED,4,0,0,0,6,1
SYN971+1.p,TPTP_SYN,Baseline,Theorem,Proved,0,PROVED,9,3,0,0,0,0
SYN971+1.p,TPTP_SYN,Improved,Theorem,Proved,0,PROVED,10,3,6,1,0,0
SYN971+1.p,TPTP_SYN,Resolution,Theorem,Proved,0,PROVED,2,0,0,0,3,0
SYN972+1.p,TPTP_SYN,Baseline,Theorem,Timeout,5,TIMEOUT,6186008,16,0,0,0,0
SYN972+1.p,TPTP_SYN,Improved,Theorem,Proved,0,PROVED,15,5,6,1,0,0
SYN972+1.p,TPTP_SYN,Resolution,Theorem,NotProved,0,NOT_PROVED,2,0,0,0,2,0
SYN973+1.p,TPTP_SYN,Baseline,Theorem,Proved,0,PROVED,2,1,0,0,0,0
SYN973+1.p,TPTP_SYN,Improved,Theorem,Proved,0,PROVED,2,1,0,0,0,0
SYN973+1.p,TPTP_SYN,Resolution,Theorem,Proved,0,PROVED,2,0,0,0,3,0
SYN974+1.p,TPTP_SYN,Baseline,Theorem,Proved,0,PROVED,9,3,0,0,0,0
SYN974+1.p,TPTP_SYN,Improved,Theorem,Proved,0,PROVED,11,3,6,1,0,0
SYN974+1.p,TPTP_SYN,Resolution,Theorem,Proved,0,PROVED,2,0,0,0,3,0
SYN975+1.p,TPTP_SYN,Baseline,Theorem,NotProved,0,NOT_PROVED,334,4,0,0,0,0
SYN975+1.p,TPTP_SYN,Improved,Theorem,NotProved,0,NOT_PROVED,55,4,0,0,0,0
SYN975+1.p,TPTP_SYN,Resolution,Theorem,NotProved,0,NOT_PROVED,2,0,0,0,2,0
SYN976+1.p,TPTP_SYN,Baseline,Theorem,Proved,0,PROVED,30,6,0,0,0,0
SYN976+1.p,TPTP_SYN,Improved,Theorem,Proved,0,PROVED,17,6,4,2,0,0
SYN976+1.p,TPTP_SYN,Resolution,Theorem,Proved,0,PROVED,3,0,0,0,5,0
SYN977+1.p,TPTP_SYN,Baseline,Theorem,Proved,0,PROVED,16,4,0,0,0,0
SYN977+1.p,TPTP_SYN,Improved,Theorem,Proved,0,PROVED,7,4,0,0,0,0
SYN977+1.p,TPTP_SYN,Resolution,Theorem,Proved,0,PROVED,4,0,0,0,7,1
SYN978+1.p,TPTP_SYN,Baseline,Theorem,Proved,0,PROVED,16,4,0,0,0,0
SYN978+1.p,TPTP_SYN,Improved,Theorem,Proved,0,PROVED,7,4,0,0,0,0
SYN978+1.p,TPTP_SYN,Resolution,Theorem,Proved,0,PROVED,4,0,0,0,7,1
SYN979+1.p,TPTP_SYN,Baseline,Theorem,Proved,0,PROVED,575,13,0,0,0,0
SYN979+1.p,TPTP_SYN,Improved,Theorem,Proved,0,PROVED,29,15,6,3,0,0
SYN979+1.p,TPTP_SYN,Resolution,Theorem,NotProved,0,NOT_PROVED,9,0,0,0,11,1
SYN980+1.p,TPTP_SYN,Baseline,Theorem,Timeout,5,TIMEOUT,8627837,20,0,0,0,0
SYN980+1.p,TPTP_SYN,Improved,Theorem,NotProved,0.418,NOT_PROVED,65492,25,30194,0,0,0
SYN980+1.p,TPTP_SYN,Resolution,Theorem,NotProved,0,NOT_PROVED,10,0,0,0,14,3
SYN981+1.p,TPTP_SYN,Baseline,Theorem,Proved,0,PROVED,527,12,0,0,0,0
SYN981+1.p,TPTP_SYN,Improved,Theorem,Proved,0,PROVED,76,10,35,9,0,0
SYN981+1.p,TPTP_SYN,Resolution,Theorem,Proved,0,PROVED,6,0,0,0,8,2
LB301+1.p,LogicBench,Baseline,Theorem,Proved,0,PROVED,45,7,0,0,0,0
LB301+1.p,LogicBench,Improved,Theorem,Proved,0,PROVED,33,7,14,4,0,0
LB301+1.p,LogicBench,Resolution,Theorem,Proved,0,PROVED,6,0,0,0,8,2
LB302+1.p,LogicBench,Baseline,Theorem,Proved,0,PROVED,45,7,0,0,0,0
LB302+1.p,LogicBench,Improved,Theorem,Proved,0,PROVED,33,7,14,4,0,0
LB302+1.p,LogicBench,Resolution,Theorem,Proved,0,PROVED,6,0,0,0,8,2
LB303+1.p,LogicBench,Baseline,Theorem,Proved,0,PROVED,45,7,0,0,0,0
LB303+1.p,LogicBench,Improved,Theorem,Proved,0,PROVED,33,7,14,4,0,0
LB303+1.p,LogicBench,Resolution,Theorem,Proved,0,PROVED,6,0,0,0,8,2
LB304+1.p,LogicBench,Baseline,Theorem,Proved,0,PROVED,45,7,0,0,0,0
LB304+1.p,LogicBench,Improved,Theorem,Proved,0,PROVED,33,7,14,4,0,0
LB304+1.p,LogicBench,Resolution,Theorem,Proved,0,PROVED,6,0,0,0,8,2
LB305+1.p,LogicBench,Baseline,Theorem,Proved,0,PROVED,45,7,0,0,0,0
LB305+1.p,LogicBench,Improved,Theorem,Proved,0,PROVED,33,7,14,4,0,0
LB305+1.p,LogicBench,Resolution,Theorem,Proved,0,PROVED,6,0,0,0,8,2
LB306+1.p,LogicBench,Baseline,Theorem,Proved,0,PROVED,77,8,0,0,0,0
LB306+1.p,LogicBench,Improved,Theorem,Proved,0,PROVED,159,10,100,16,0,0
LB306+1.p,LogicBench,Resolution,Theorem,Proved,0,PROVED,8,0,0,0,10,3
LB307+1.p,LogicBench,Baseline,Theorem,Proved,0,PROVED,77,8,0,0,0,0
LB307+1.p,LogicBench,Improved,Theorem,Proved,0,PROVED,151,10,94,14,0,0
LB307+1.p,LogicBench,Resolution,Theorem,Proved,0,PROVED,8,0,0,0,10,3
LB308+1.p,LogicBench,Baseline,Theorem,Proved,0,PROVED,77,8,0,0,0,0
LB308+1.p,LogicBench,Improved,Theorem,Proved,0,PROVED,176,10,109,21,0,0
LB308+1.p,LogicBench,Resolution,Theorem,Proved,0,PROVED,8,0,0,0,10,3
LB309+1.p,LogicBench,Baseline,Theorem,Proved,0,PROVED,77,8,0,0,0,0
LB309+1.p,LogicBench,Improved,Theorem,Proved,0,PROVED,176,10,109,21,0,0
LB309+1.p,LogicBench,Resolution,Theorem,Proved,0,PROVED,8,0,0,0,10,3
LB310+1.p,LogicBench,Baseline,Theorem,Proved,0,PROVED,77,8,0,0,0,0
LB310+1.p,LogicBench,Improved,Theorem,Proved,0,PROVED,176,10,109,21,0,0
LB310+1.p,LogicBench,Resolution,Theorem,Proved,0,PROVED,8,0,0,0,10,3
LB311+1.p,LogicBench,Baseline,Theorem,Proved,0,PROVED,221,11,0,0,0,0
LB311+1.p,LogicBench,Improved,Theorem,Proved,0.001,PROVED,965,13,652,123,0,0
LB311+1.p,LogicBench,Resolution,Theorem,Proved,0,PROVED,10,0,0,0,12,4
LB312+1.p,LogicBench,Baseline,Theorem,Proved,0,PROVED,221,11,0,0,0,0
LB312+1.p,LogicBench,Improved,Theorem,Proved,0.001,PROVED,649,13,430,68,0,0
LB312+1.p,LogicBench,Resolution,Theorem,Proved,0,PROVED,10,0,0,0,12,4
LB313+1.p,LogicBench,Baseline,Theorem,Proved,0,PROVED,221,11,0,0,0,0
LB313+1.p,LogicBench,Improved,Theorem,Proved,0.001,PROVED,851,13,575,102,0,0
LB313+1.p,LogicBench,Resolution,Theorem,Proved,0,PROVED,10,0,0,0,12,4
LB314+1.p,LogicBench,Baseline,Theorem,Proved,0,PROVED,221,11,0,0,0,0
LB314+1.p,LogicBench,Improved,Theorem,Proved,0.001,PROVED,1031,13,699,132,0,0
LB314+1.p,LogicBench,Resolution,Theorem,Proved,0,PROVED,10,0,0,0,12,4
LB315+1.p,LogicBench,Baseline,Theorem,Proved,0,PROVED,221,11,0,0,0,0
LB315+1.p,LogicBench,Improved,Theorem,Proved,0.001,PROVED,860,13,591,97,0,0
LB315+1.p,LogicBench,Resolution,Theorem,Proved,0,PROVED,10,0,0,0,12,4
LB316+1.p,LogicBench,Baseline,Theorem,Proved,0,PROVED,388,12,0,0,0,0
LB316+1.p,LogicBench,Improved,Theorem,Proved,0.007,PROVED,4507,16,3133,568,0,0
LB316+1.p,LogicBench,Resolution,Theorem,Proved,0,PROVED,12,0,0,0,14,5
LB317+1.p,LogicBench,Baseline,Theorem,Proved,0,PROVED,388,12,0,0,0,0
LB317+1.p,LogicBench,Improved,Theorem,Proved,0.006,PROVED,3241,16,2099,444,0,0
LB317+1.p,LogicBench,Resolution,Theorem,Proved,0,PROVED,12,0,0,0,14,5
LB318+1.p,LogicBench,Baseline,Theorem,Proved,0,PROVED,388,12,0,0,0,0
LB318+1.p,LogicBench,Improved,Theorem,Proved,0.008,PROVED,5044,16,3465,649,0,0
LB318+1.p,LogicBench,Resolution,Theorem,Proved,0,PROVED,12,0,0,0,14,5
LB319+1.p,LogicBench,Baseline,Theorem,Proved,0,PROVED,388,12,0,0,0,0
LB319+1.p,LogicBench,Improved,Theorem,Proved,0.008,PROVED,5482,16,3755,732,0,0
LB319+1.p,LogicBench,Resolution,Theorem,Proved,0,PROVED,12,0,0,0,14,5
LB320+1.p,LogicBench,Baseline,Theorem,Proved,0,PROVED,388,12,0,0,0,0
LB320+1.p,LogicBench,Improved,Theorem,Proved,0.007,PROVED,5050,16,3548,594,0,0
LB320+1.p,LogicBench,Resolution,Theorem,Proved,0,PROVED,12,0,0,0,14,5
LB321+1.p,LogicBench,Baseline,Theorem,Proved,0,PROVED,645,13,0,0,0,0
LB321+1.p,LogicBench,Improved,Theorem,Proved,0.038,PROVED,20440,19,14419,2346,0,0
LB321+1.p,LogicBench,Resolution,Theorem,Proved,0,PROVED,14,0,0,0,16,6
LB322+1.p,LogicBench,Baseline,Theorem,Proved,0.001,PROVED,645,13,0,0,0,0
LB322+1.p,LogicBench,Improved,Theorem,Proved,0.044,PROVED,20260,19,13287,2907,0,0
LB322+1.p,LogicBench,Resolution,Theorem,Proved,0,PROVED,14,0,0,0,16,6
LB323+1.p,LogicBench,Baseline,Theorem,Proved,0.001,PROVED,645,13,0,0,0,0
LB323+1.p,LogicBench,Improved,Theorem,Proved,0.056,PROVED,27886,19,18504,4135,0,0
LB323+1.p,LogicBench,Resolution,Theorem,Proved,0,PROVED,14,0,0,0,16,6
LB324+1.p,LogicBench,Baseline,Theorem,Proved,0.001,PROVED,645,13,0,0,0,0
LB324+1.p,LogicBench,Improved,Theorem,Proved,0.057,PROVED,28846,19,19348,4179,0,0
LB324+1.p,LogicBench,Resolution,Theorem,Proved,0,PROVED,14,0,0,0,16,6
LB325+1.p,LogicBench,Baseline,Theorem,Proved,0,PROVED,645,13,0,0,0,0
LB325+1.p,LogicBench,Improved,Theorem,Proved,0.042,PROVED,20646,19,14156,2642,0,0
LB325+1.p,LogicBench,Resolution,Theorem,Proved,0,PROVED,14,0,0,0,16,6
LB326+1.p,LogicBench,Baseline,Theorem,Proved,0.001,PROVED,1022,14,0,0,0,0
LB326+1.p,LogicBench,Improved,Theorem,Proved,0.137,PROVED,53238,22,35239,7292,0,0
LB326+1.p,LogicBench,Resolution,Theorem,Proved,0,PROVED,16,0,0,0,18,7
LB327+1.p,LogicBench,Baseline,Theorem,Proved,0.001,PROVED,1022,14,0,0,0,0
LB327+1.p,LogicBench,Improved,Theorem,Proved,0.147,PROVED,51437,22,30631,9383,0,0
LB327+1.p,LogicBench,Resolution,Theorem,Proved,0,PROVED,16,0,0,0,18,7
LB328+1.p,LogicBench,Baseline,Theorem,Proved,0.001,PROVED,1022,14,0,0,0,0
LB328+1.p,LogicBench,Improved,Theorem,Proved,0.329,PROVED,125212,22,78794,21335,0,0
LB328+1.p,LogicBench,Resolution,Theorem,Proved,0,PROVED,16,0,0,0,18,7
LB329+1.p,LogicBench,Baseline,Theorem,Proved,0.001,PROVED,1022,14,0,0,0,0
LB329+1.p,LogicBench,Improved,Theorem,Proved,0.254,PROVED,104958,22,69632,15341,0,0
LB329+1.p,LogicBench,Resolution,Theorem,Proved,0,PROVED,16,0,0,0,18,7
LB330+1.p,LogicBench,Baseline,Theorem,Proved,0.001,PROVED,1022,14,0,0,0,0
LB330+1.p,LogicBench,Improved,Theorem,Proved,0.228,PROVED,95051,22,65206,11663,0,0
LB330+1.p,LogicBench,Resolution,Theorem,Proved,0,PROVED,16,0,0,0,18,7
LB331+1.p,LogicBench,Baseline,Theorem,Proved,0.003,PROVED,4997,17,0,0,0,0
LB331+1.p,LogicBench,Improved,Theorem,Proved,0.759,PROVED,210066,25,126216,36992,0,0
LB331+1.p,LogicBench,Resolution,Theorem,Proved,0,PROVED,18,0,0,0,20,8
LB332+1.p,LogicBench,Baseline,Theorem,Proved,0.003,PROVED,4997,17,0,0,0,0
LB332+1.p,LogicBench,Improved,Theorem,Proved,0.929,PROVED,238142,25,135032,45742,0,0
LB332+1.p,LogicBench,Resolution,Theorem,Proved,0,PROVED,18,0,0,0,20,8
LB333+1.p,LogicBench,Baseline,Theorem,Proved,0.003,PROVED,4997,17,0,0,0,0
LB333+1.p,LogicBench,Improved,Theorem,Proved,2.338,PROVED,594709,25,362767,107606,0,0
LB333+1.p,LogicBench,Resolution,Theorem,Proved,0,PROVED,18,0,0,0,20,8
LB334+1.p,LogicBench,Baseline,Theorem,Proved,0.003,PROVED,4997,17,0,0,0,0
LB334+1.p,LogicBench,Improved,Theorem,Proved,1.73,PROVED,591455,25,394388,82351,0,0
LB334+1.p,LogicBench,Resolution,Theorem,Proved,0,PROVED,18,0,0,0,20,8
LB335+1.p,LogicBench,Baseline,Theorem,Proved,0.003,PROVED,4997,17,0,0,0,0
LB335+1.p,LogicBench,Improved,Theorem,Proved,3.712,PROVED,447991,25,311031,49521,0,0
LB335+1.p,LogicBench,Resolution,Theorem,Proved,0,PROVED,18,0,0,0,20,8
LB336+1.p,LogicBench,Baseline,Theorem,Proved,0.005,PROVED,8745,18,0,0,0,0
LB336+1.p,LogicBench,Improved,Theorem,Timeout,5,TIMEOUT,1349949,27,899550,167652,0,0
LB336+1.p,LogicBench,Resolution,Theorem,Proved,0,PROVED,20,0,0,0,22,9
LB337+1.p,LogicBench,Baseline,Theorem,Proved,0.005,PROVED,8745,18,0,0,0,0
LB337+1.p,LogicBench,Improved,Theorem,Timeout,5,TIMEOUT,989107,27,554230,189631,0,0
LB337+1.p,LogicBench,Resolution,Theorem,Proved,0,PROVED,20,0,0,0,22,9
LB338+1.p,LogicBench,Baseline,Theorem,Proved,0.005,PROVED,8745,18,0,0,0,0
LB338+1.p,LogicBench,Improved,Theorem,Timeout,5,TIMEOUT,1308253,27,824537,218496,0,0
LB338+1.p,LogicBench,Resolution,Theorem,Proved,0,PROVED,20,0,0,0,22,9
LB339+1.p,LogicBench,Baseline,Theorem,Proved,0.005,PROVED,8745,18,0,0,0,0
LB339+1.p,LogicBench,Improved,Theorem,Timeout,5,TIMEOUT,1285404,27,820323,195554,0,0
LB339+1.p,LogicBench,Resolution,Theorem,Proved,0,PROVED,20,0,0,0,22,9
LB340+1.p,LogicBench,Baseline,Theorem,Proved,0.005,PROVED,8745,18,0,0,0,0
LB340+1.p,LogicBench,Improved,Theorem,Timeout,5,TIMEOUT,1501930,27,1075449,136236,0,0
LB340+1.p,LogicBench,Resolution,Theorem,Proved,0,PROVED,20,0,0,0,22,9
LB341+1.p,LogicBench,Baseline,Theorem,Proved,0.009,PROVED,14479,19,0,0,0,0
LB341+1.p,LogicBench,Improved,Theorem,Timeout,7.241,TIMEOUT,834572,30,442383,182634,0,0
LB341+1.p,LogicBench,Resolution,Theorem,Proved,0,PROVED,22,0,0,0,24,10
LB342+1.p,LogicBench,Baseline,Theorem,Proved,0.009,PROVED,14479,19,0,0,0,0
LB342+1.p,LogicBench,Improved,Theorem,Timeout,5,TIMEOUT,967031,28,557428,184690,0,0
LB342+1.p,LogicBench,Resolution,Theorem,Proved,0,PROVED,22,0,0,0,24,10
LB343+1.p,LogicBench,Baseline,Theorem,Proved,0.009,PROVED,14479,19,0,0,0,0
LB343+1.p,LogicBench,Improved,Theorem,Timeout,5,TIMEOUT,1380434,28,924104,204296,0,0
LB343+1.p,LogicBench,Resolution,Theorem,Proved,0,PROVED,22,0,0,0,24,10
LB344+1.p,LogicBench,Baseline,Theorem,Proved,0.009,PROVED,14479,19,0,0,0,0
LB344+1.p,LogicBench,Improved,Theorem,Timeout,5,TIMEOUT,1513018,28,1080830,173282,0,0
LB344+1.p,LogicBench,Resolution,Theorem,Proved,0,PROVED,22,0,0,0,24,10
LB345+1.p,LogicBench,Baseline,Theorem,Proved,0.009,PROVED,14479,19,0,0,0,0
LB345+1.p,LogicBench,Improved,Theorem,Timeout,5,TIMEOUT,961445,30,571863,169205,0,0
LB345+1.p,LogicBench,Resolution,Theorem,Proved,0,PROVED,22,0,0,0,24,10
LB346+1.p,LogicBench,Baseline,Theorem,Proved,0.014,PROVED,22752,20,0,0,0,0
LB346+1.p,LogicBench,Improved,Theorem,Timeout,5,TIMEOUT,967768,29,598159,160609,0,0
LB346+1.p,LogicBench,Resolution,Theorem,Proved,0,PROVED,24,0,0,0,26,11
LB347+1.p,LogicBench,Baseline,Theorem,Proved,0.014,PROVED,22752,20,0,0,0,0
LB347+1.p,LogicBench,Improved,Theorem,Timeout,7.228,TIMEOUT,1046393,29,656683,167135,0,0
LB347+1.p,LogicBench,Resolution,Theorem,Proved,0,PROVED,24,0,0,0,26,11
LB348+1.p,LogicBench,Baseline,Theorem,Proved,0.016,PROVED,22752,20,0,0,0,0
LB348+1.p,LogicBench,Improved,Theorem,Timeout,5,TIMEOUT,1453662,27,1033092,186719,0,0
LB348+1.p,LogicBench,Resolution,Theorem,Proved,0,PROVED,24,0,0,0,26,11
LB349+1.p,LogicBench,Baseline,Theorem,Proved,0.015,PROVED,22752,20,0,0,0,0
LB349+1.p,LogicBench,Improved,Theorem,Timeout,5,TIMEOUT,1834743,27,1433110,139000,0,0
LB349+1.p,LogicBench,Resolution,Theorem,Proved,0,PROVED,24,0,0,0,26,11
LB350+1.p,LogicBench,Baseline,Theorem,Proved,0.014,PROVED,22752,20,0,0,0,0
LB350+1.p,LogicBench,Improved,Theorem,Timeout,5,TIMEOUT,1476544,29,1097880,132411,0,0
LB350+1.p,LogicBench,Resolution,Theorem,Proved,0,PROVED,24,0,0,0,26,11
LB351+1.p,LogicBench,Baseline,Theorem,Proved,0,PROVED,39,7,0,0,0,0
LB351+1.p,LogicBench,Improved,Theorem,Proved,0,PROVED,19,7,3,2,0,0
LB351+1.p,LogicBench,Resolution,Theorem,Proved,0,PROVED,6,0,0,0,8,2
LB352+1.p,LogicBench,Baseline,Theorem,Proved,0,PROVED,39,7,0,0,0,0
LB352+1.p,LogicBench,Improved,Theorem,Proved,0,PROVED,19,7,3,2,0,0
LB352+1.p,LogicBench,Resolution,Theorem,Proved,0,PROVED,6,0,0,0,8,2
LB353+1.p,LogicBench,Baseline,Theorem,Proved,0,PROVED,39,7,0,0,0,0
LB353+1.p,LogicBench,Improved,Theorem,Proved,0,PROVED,19,7,3,2,0,0
LB353+1.p,LogicBench,Resolution,Theorem,Proved,0,PROVED,6,0,0,0,8,2
LB354+1.p,LogicBench,Baseline,Theorem,Proved,0,PROVED,39,7,0,0,0,0
LB354+1.p,LogicBench,Improved,Theorem,Proved,0,PROVED,19,7,3,2,0,0
LB354+1.p,LogicBench,Resolution,Theorem,Proved,0,PROVED,6,0,0,0,8,2
LB355+1.p,LogicBench,Baseline,Theorem,Proved,0,PROVED,39,7,0,0,0,0
LB355+1.p,LogicBench,Improved,Theorem,Proved,0,PROVED,19,7,3,2,0,0
LB355+1.p,LogicBench,Resolution,Theorem,Proved,0,PROVED,6,0,0,0,8,2
LB356+1.p,LogicBench,Baseline,Theorem,Proved,0,PROVED,39,7,0,0,0,0
LB356+1.p,LogicBench,Improved,Theorem,Proved,0,PROVED,19,7,3,2,0,0
LB356+1.p,LogicBench,Resolution,Theorem,Proved,0,PROVED,6,0,0,0,8,2
LB357+1.p,LogicBench,Baseline,Theorem,Proved,0,PROVED,39,7,0,0,0,0
LB357+1.p,LogicBench,Improved,Theorem,Proved,0,PROVED,19,7,3,2,0,0
LB357+1.p,LogicBench,Resolution,Theorem,Proved,0,PROVED,6,0,0,0,8,2
LB358+1.p,LogicBench,Baseline,Theorem,Proved,0,PROVED,39,7,0,0,0,0
LB358+1.p,LogicBench,Improved,Theorem,Proved,0,PROVED,19,7,3,2,0,0
LB358+1.p,LogicBench,Resolution,Theorem,Proved,0,PROVED,6,0,0,0,8,2
LB359+1.p,LogicBench,Baseline,Theorem,Proved,0,PROVED,39,7,0,0,0,0
LB359+1.p,LogicBench,Improved,Theorem,Proved,0,PROVED,19,7,3,2,0,0
LB359+1.p,LogicBench,Resolution,Theorem,Proved,0,PROVED,6,0,0,0,8,2
LB360+1.p,LogicBench,Baseline,Theorem,Proved,0,PROVED,39,7,0,0,0,0
LB360+1.p,LogicBench,Improved,Theorem,Proved,0,PROVED,19,7,3,2,0,0
LB360+1.p,LogicBench,Resolution,Theorem,Proved,0,PROVED,6,0,0,0,8,2
LB361+1.p,LogicBench,Baseline,Theorem,Proved,0,PROVED,39,7,0,0,0,0
LB361+1.p,LogicBench,Improved,Theorem,Proved,0,PROVED,19,7,3,2,0,0
LB361+1.p,LogicBench,Resolution,Theorem,Proved,0,PROVED,6,0,0,0,8,2
LB362+1.p,LogicBench,Baseline,Theorem,Proved,0,PROVED,39,7,0,0,0,0
LB362+1.p,LogicBench,Improved,Theorem,Proved,0,PROVED,19,7,3,2,0,0
LB362+1.p,LogicBench,Resolution,Theorem,Proved,0,PROVED,6,0,0,0,8,2
LB363+1.p,LogicBench,Baseline,Theorem,Proved,0,PROVED,39,7,0,0,0,0
LB363+1.p,LogicBench,Improved,Theorem,Proved,0,PROVED,19,7,3,2,0,0
LB363+1.p,LogicBench,Resolution,Theorem,Proved,0,PROVED,6,0,0,0,8,2
LB364+1.p,LogicBench,Baseline,Theorem,Proved,0,PROVED,39,7,0,0,0,0
LB364+1.p,LogicBench,Improved,Theorem,Proved,0,PROVED,19,7,3,2,0,0
LB364+1.p,LogicBench,Resolution,Theorem,Proved,0,PROVED,6,0,0,0,8,2
LB365+1.p,LogicBench,Baseline,Theorem,Proved,0,PROVED,39,7,0,0,0,0
LB365+1.p,LogicBench,Improved,Theorem,Proved,0,PROVED,19,7,3,2,0,0
LB365+1.p,LogicBench,Resolution,Theorem,Proved,0,PROVED,6,0,0,0,8,2
LB366+1.p,LogicBench,Baseline,Theorem,Proved,0,PROVED,39,7,0,0,0,0
LB366+1.p,LogicBench,Improved,Theorem,Proved,0,PROVED,19,7,3,2,0,0
LB366+1.p,LogicBench,Resolution,Theorem,Proved,0,PROVED,6,0,0,0,8,2
LB367+1.p,LogicBench,Baseline,Theorem,Proved,0,PROVED,39,7,0,0,0,0
LB367+1.p,LogicBench,Improved,Theorem,Proved,0,PROVED,19,7,3,2,0,0
LB367+1.p,LogicBench,Resolution,Theorem,Proved,0,PROVED,6,0,0,0,8,2
LB368+1.p,LogicBench,Baseline,Theorem,Proved,0,PROVED,39,7,0,0,0,0
LB368+1.p,LogicBench,Improved,Theorem,Proved,0,PROVED,19,7,3,2,0,0
LB368+1.p,LogicBench,Resolution,Theorem,Proved,0,PROVED,6,0,0,0,8,2
LB369+1.p,LogicBench,Baseline,Theorem,Proved,0,PROVED,39,7,0,0,0,0
LB369+1.p,LogicBench,Improved,Theorem,Proved,0,PROVED,19,7,3,2,0,0
LB369+1.p,LogicBench,Resolution,Theorem,Proved,0,PROVED,6,0,0,0,8,2
LB370+1.p,LogicBench,Baseline,Theorem,Proved,0,PROVED,39,7,0,0,0,0
LB370+1.p,LogicBench,Improved,Theorem,Proved,0,PROVED,19,7,3,2,0,0
LB370+1.p,LogicBench,Resolution,Theorem,Proved,0,PROVED,6,0,0,0,8,2
LB371+1.p,LogicBench,Baseline,Theorem,Proved,0,PROVED,39,7,0,0,0,0
LB371+1.p,LogicBench,Improved,Theorem,Proved,0,PROVED,19,7,3,2,0,0
LB371+1.p,LogicBench,Resolution,Theorem,Proved,0,PROVED,6,0,0,0,8,2
LB372+1.p,LogicBench,Baseline,Theorem,Proved,0,PROVED,39,7,0,0,0,0
LB372+1.p,LogicBench,Improved,Theorem,Proved,0,PROVED,19,7,3,2,0,0
LB372+1.p,LogicBench,Resolution,Theorem,Proved,0,PROVED,6,0,0,0,8,2
LB373+1.p,LogicBench,Baseline,Theorem,Proved,0,PROVED,39,7,0,0,0,0
LB373+1.p,LogicBench,Improved,Theorem,Proved,0,PROVED,19,7,3,2,0,0
LB373+1.p,LogicBench,Resolution,Theorem,Proved,0,PROVED,6,0,0,0,8,2
LB374+1.p,LogicBench,Baseline,Theorem,Proved,0,PROVED,39,7,0,0,0,0
LB374+1.p,LogicBench,Improved,Theorem,Proved,0,PROVED,19,7,3,2,0,0
LB374+1.p,LogicBench,Resolution,Theorem,Proved,0,PROVED,6,0,0,0,8,2
LB375+1.p,LogicBench,Baseline,Theorem,Proved,0,PROVED,39,7,0,0,0,0
LB375+1.p,LogicBench,Improved,Theorem,Proved,0,PROVED,19,7,3,2,0,0
LB375+1.p,LogicBench,Resolution,Theorem,Proved,0,PROVED,6,0,0,0,8,2
LB376+1.p,LogicBench,Baseline,Theorem,Proved,0,PROVED,39,7,0,0,0,0
LB376+1.p,LogicBench,Improved,Theorem,Proved,0,PROVED,19,7,3,2,0,0
LB376+1.p,LogicBench,Resolution,Theorem,Proved,0,PROVED,6,0,0,0,8,2
LB377+1.p,LogicBench,Baseline,Theorem,Proved,0,PROVED,39,7,0,0,0,0
LB377+1.p,LogicBench,Improved,Theorem,Proved,0,PROVED,19,7,3,2,0,0
LB377+1.p,LogicBench,Resolution,Theorem,Proved,0,PROVED,6,0,0,0,8,2
LB378+1.p,LogicBench,Baseline,Theorem,Proved,0,PROVED,39,7,0,0,0,0
LB378+1.p,LogicBench,Improved,Theorem,Proved,0,PROVED,19,7,3,2,0,0
LB378+1.p,LogicBench,Resolution,Theorem,Proved,0,PROVED,6,0,0,0,8,2
LB379+1.p,LogicBench,Baseline,Theorem,Proved,0,PROVED,39,7,0,0,0,0
LB379+1.p,LogicBench,Improved,Theorem,Proved,0,PROVED,19,7,3,2,0,0
LB379+1.p,LogicBench,Resolution,Theorem,Proved,0,PROVED,6,0,0,0,8,2
LB380+1.p,LogicBench,Baseline,Theorem,Proved,0,PROVED,39,7,0,0,0,0
LB380+1.p,LogicBench,Improved,Theorem,Proved,0,PROVED,19,7,3,2,0,0
LB380+1.p,LogicBench,Resolution,Theorem,Proved,0,PROVED,6,0,0,0,8,2
LB381+1.p,LogicBench,Baseline,Theorem,Proved,0,PROVED,65,8,0,0,0,0
LB381+1.p,LogicBench,Improved,Theorem,Proved,0,PROVED,58,9,33,6,0,0
LB381+1.p,LogicBench,Resolution,Theorem,Proved,0,PROVED,10,0,0,0,14,5
LB382+1.p,LogicBench,Baseline,Theorem,Proved,0,PROVED,65,8,0,0,0,0
LB382+1.p,LogicBench,Improved,Theorem,Proved,0,PROVED,58,9,33,6,0,0
LB382+1.p,LogicBench,Resolution,Theorem,Proved,0,PROVED,10,0,0,0,14,5
LB383+1.p,LogicBench,Baseline,Theorem,Proved,0,PROVED,65,8,0,0,0,0
LB383+1.p,LogicBench,Improved,Theorem,Proved,0,PROVED,58,9,33,6,0,0
LB383+1.p,LogicBench,Resolution,Theorem,Proved,0,PROVED,10,0,0,0,14,5
LB384+1.p,LogicBench,Baseline,Theorem,Proved,0,PROVED,65,8,0,0,0,0
LB384+1.p,LogicBench,Improved,Theorem,Proved,0,PROVED,58,9,33,6,0,0
LB384+1.p,LogicBench,Resolution,Theorem,Proved,0,PROVED,10,0,0,0,14,5
LB385+1.p,LogicBench,Baseline,Theorem,Proved,0,PROVED,65,8,0,0,0,0
LB385+1.p,LogicBench,Improved,Theorem,Proved,0,PROVED,58,9,33,6,0,0
LB385+1.p,LogicBench,Resolution,Theorem,Proved,0,PROVED,10,0,0,0,14,5
LB386+1.p,LogicBench,Baseline,Theorem,Proved,0,PROVED,100,10,0,0,0,0
LB386+1.p,LogicBench,Improved,Theorem,Proved,0,PROVED,109,11,74,8,0,0
LB386+1.p,LogicBench,Resolution,Theorem,Proved,0,PROVED,13,0,0,0,20,7
LB387+1.p,LogicBench,Baseline,Theorem,Proved,0,PROVED,100,10,0,0,0,0
LB387+1.p,LogicBench,Improved,Theorem,Proved,0,PROVED,109,11,74,8,0,0
LB387+1.p,LogicBench,Resolution,Theorem,Proved,0,PROVED,13,0,0,0,20,7
LB388+1.p,LogicBench,Baseline,Theorem,Proved,0,PROVED,100,10,0,0,0,0
LB388+1.p,LogicBench,Improved,Theorem,Proved,0,PROVED,109,11,74,8,0,0
LB388+1.p,LogicBench,Resolution,Theorem,Proved,0,PROVED,13,0,0,0,20,7
LB389+1.p,LogicBench,Baseline,Theorem,Proved,0,PROVED,100,10,0,0,0,0
LB389+1.p,LogicBench,Improved,Theorem,Proved,0,PROVED,109,11,74,8,0,0
LB389+1.p,LogicBench,Resolution,Theorem,Proved,0,PROVED,13,0,0,0,20,7
LB390+1.p,LogicBench,Baseline,Theorem,Proved,0,PROVED,100,10,0,0,0,0
LB390+1.p,LogicBench,Improved,Theorem,Proved,0,PROVED,109,11,74,8,0,0
LB390+1.p,LogicBench,Resolution,Theorem,Proved,0,PROVED,13,0,0,0,20,7
LB391+1.p,LogicBench,Baseline,Theorem,Proved,0,PROVED,150,12,0,0,0,0
LB391+1.p,LogicBench,Improved,Theorem,Proved,0,PROVED,186,13,140,10,0,0
LB391+1.p,LogicBench,Resolution,Theorem,Proved,0,PROVED,16,0,0,0,27,9
LB392+1.p,LogicBench,Baseline,Theorem,Proved,0,PROVED,150,12,0,0,0,0
LB392+1.p,LogicBench,Improved,Theorem,Proved,0,PROVED,186,13,140,10,0,0
LB392+1.p,LogicBench,Resolution,Theorem,Proved,0,PROVED,16,0,0,0,27,9
LB393+1.p,LogicBench,Baseline,Theorem,Proved,0,PROVED,150,12,0,0,0,0
LB393+1.p,LogicBench,Improved,Theorem,Proved,0,PROVED,186,13,140,10,0,0
LB393+1.p,LogicBench,Resolution,Theorem,Proved,0,PROVED,16,0,0,0,27,9
LB394+1.p,LogicBench,Baseline,Theorem,Proved,0,PROVED,150,12,0,0,0,0
LB394+1.p,LogicBench,Improved,Theorem,Proved,0,PROVED,186,13,140,10,0,0
LB394+1.p,LogicBench,Resolution,Theorem,Proved,0,PROVED,16,0,0,0,27,9
LB395+1.p,LogicBench,Baseline,Theorem,Proved,0,PROVED,150,12,0,0,0,0
LB395+1.p,LogicBench,Improved,Theorem,Proved,0,PROVED,186,13,140,10,0,0
LB395+1.p,LogicBench,Resolution,Theorem,Proved,0,PROVED,16,0,0,0,27,9
LB396+1.p,LogicBench,Baseline,Theorem,Proved,0,PROVED,201,14,0,0,0,0
LB396+1.p,LogicBench,Improved,Theorem,Proved,0,PROVED,295,15,237,12,0,0
LB396+1.p,LogicBench,Resolution,Theorem,Proved,0,PROVED,19,0,0,0,35,11
LB397+1.p,LogicBench,Baseline,Theorem,Proved,0,PROVED,201,14,0,0,0,0
LB397+1.p,LogicBench,Improved,Theorem,Proved,0,PROVED,295,15,237,12,0,0
LB397+1.p,LogicBench,Resolution,Theorem,Proved,0,PROVED,19,0,0,0,35,11
LB398+1.p,LogicBench,Baseline,Theorem,Proved,0,PROVED,201,14,0,0,0,0
LB398+1.p,LogicBench,Improved,Theorem,Proved,0,PROVED,295,15,237,12,0,0
LB398+1.p,LogicBench,Resolution,Theorem,Proved,0,PROVED,19,0,0,0,35,11
LB399+1.p,LogicBench,Baseline,Theorem,Proved,0,PROVED,201,14,0,0,0,0
LB399+1.p,LogicBench,Improved,Theorem,Proved,0,PROVED,295,15,237,12,0,0
LB399+1.p,LogicBench,Resolution,Theorem,Proved,0,PROVED,19,0,0,0,35,11
LB400+1.p,LogicBench,Baseline,Theorem,Proved,0,PROVED,201,14,0,0,0,0
LB400+1.p,LogicBench,Improved,Theorem,Proved,0,PROVED,295,15,237,12,0,0
LB400+1.p,LogicBench,Resolution,Theorem,Proved,0,PROVED,19,0,0,0,35,11
LB401+1.p,LogicBench,Baseline,Theorem,Proved,0,PROVED,274,16,0,0,0,0
LB401+1.p,LogicBench,Improved,Theorem,Proved,0,PROVED,442,17,371,14,0,0
LB401+1.p,LogicBench,Resolution,Theorem,Proved,0,PROVED,22,0,0,0,44,13
LB402+1.p,LogicBench,Baseline,Theorem,Proved,0,PROVED,274,16,0,0,0,0
LB402+1.p,LogicBench,Improved,Theorem,Proved,0.001,PROVED,442,17,371,14,0,0
LB402+1.p,LogicBench,Resolution,Theorem,Proved,0.001,PROVED,22,0,0,0,44,13
LB403+1.p,LogicBench,Baseline,Theorem,Proved,0,PROVED,274,16,0,0,0,0
LB403+1.p,LogicBench,Improved,Theorem,Proved,0.001,PROVED,442,17,371,14,0,0
LB403+1.p,LogicBench,Resolution,Theorem,Proved,0.001,PROVED,22,0,0,0,44,13
LB404+1.p,LogicBench,Baseline,Theorem,Proved,0,PROVED,274,16,0,0,0,0
LB404+1.p,LogicBench,Improved,Theorem,Proved,0,PROVED,442,17,371,14,0,0
LB404+1.p,LogicBench,Resolution,Theorem,Proved,0.001,PROVED,22,0,0,0,44,13
LB405+1.p,LogicBench,Baseline,Theorem,Proved,0,PROVED,274,16,0,0,0,0
LB405+1.p,LogicBench,Improved,Theorem,Proved,0,PROVED,442,17,371,14,0,0
LB405+1.p,LogicBench,Resolution,Theorem,Proved,0,PROVED,22,0,0,0,44,13
LB_BE_01.p,LogicBench,Baseline,Theorem,Proved,0,PROVED,21,5,0,0,0,0
LB_BE_01.p,LogicBench,Improved,Theorem,Proved,0.001,PROVED,11,5,2,2,0,0
LB_BE_01.p,LogicBench,Resolution,Theorem,Proved,0,PROVED,4,0,0,0,7,1
LB_BE_02.p,LogicBench,Baseline,Theorem,Proved,0,PROVED,21,5,0,0,0,0
LB_BE_02.p,LogicBench,Improved,Theorem,Proved,0,PROVED,11,5,2,2,0,0
LB_BE_02.p,LogicBench,Resolution,Theorem,Proved,0,PROVED,4,0,0,0,7,1
LB_BE_03.p,LogicBench,Baseline,Theorem,Proved,0,PROVED,21,5,0,0,0,0
LB_BE_03.p,LogicBench,Improved,Theorem,Proved,0,PROVED,11,5,2,2,0,0
LB_BE_03.p,LogicBench,Resolution,Theorem,Proved,0,PROVED,4,0,0,0,7,1
LB_BE_04.p,LogicBench,Baseline,Theorem,Proved,0,PROVED,21,5,0,0,0,0
LB_BE_04.p,LogicBench,Improved,Theorem,Proved,0,PROVED,11,5,2,2,0,0
LB_BE_04.p,LogicBench,Resolution,Theorem,Proved,0,PROVED,4,0,0,0,7,1
LB_BE_05.p,LogicBench,Baseline,Theorem,Proved,0,PROVED,21,5,0,0,0,0
LB_BE_05.p,LogicBench,Improved,Theorem,Proved,0,PROVED,11,5,2,2,0,0
LB_BE_05.p,LogicBench,Resolution,Theorem,Proved,0,PROVED,4,0,0,0,7,1
LB_BE_06.p,LogicBench,Baseline,Theorem,Proved,0,PROVED,21,5,0,0,0,0
LB_BE_06.p,LogicBench,Improved,Theorem,Proved,0,PROVED,11,5,2,2,0,0
LB_BE_06.p,LogicBench,Resolution,Theorem,Proved,0,PROVED,4,0,0,0,7,1
LB_BE_07.p,LogicBench,Baseline,Theorem,Proved,0,PROVED,21,5,0,0,0,0
LB_BE_07.p,LogicBench,Improved,Theorem,Proved,0,PROVED,11,5,2,2,0,0
LB_BE_07.p,LogicBench,Resolution,Theorem,Proved,0,PROVED,4,0,0,0,7,1
LB_BE_08.p,LogicBench,Baseline,Theorem,Proved,0,PROVED,21,5,0,0,0,0
LB_BE_08.p,LogicBench,Improved,Theorem,Proved,0,PROVED,11,5,2,2,0,0
LB_BE_08.p,LogicBench,Resolution,Theorem,Proved,0,PROVED,4,0,0,0,7,1
LB_BE_09.p,LogicBench,Baseline,Theorem,Proved,0,PROVED,21,5,0,0,0,0
LB_BE_09.p,LogicBench,Improved,Theorem,Proved,0,PROVED,11,5,2,2,0,0
LB_BE_09.p,LogicBench,Resolution,Theorem,Proved,0,PROVED,4,0,0,0,7,1
LB_BE_10.p,LogicBench,Baseline,Theorem,Proved,0,PROVED,21,5,0,0,0,0
LB_BE_10.p,LogicBench,Improved,Theorem,Proved,0,PROVED,11,5,2,2,0,0
LB_BE_10.p,LogicBench,Resolution,Theorem,Proved,0,PROVED,4,0,0,0,7,1
LB_BI_01.p,LogicBench,Baseline,Theorem,Proved,0,PROVED,60,7,0,0,0,0
LB_BI_01.p,LogicBench,Improved,Theorem,Proved,0,PROVED,30,8,11,4,0,0
LB_BI_01.p,LogicBench,Resolution,Theorem,Proved,0,PROVED,7,0,0,0,12,4
LB_BI_02.p,LogicBench,Baseline,Theorem,Proved,0,PROVED,60,7,0,0,0,0
LB_BI_02.p,LogicBench,Improved,Theorem,Proved,0,PROVED,30,8,11,4,0,0
LB_BI_02.p,LogicBench,Resolution,Theorem,Proved,0,PROVED,7,0,0,0,12,4
LB_BI_03.p,LogicBench,Baseline,Theorem,Proved,0,PROVED,60,7,0,0,0,0
LB_BI_03.p,LogicBench,Improved,Theorem,Proved,0,PROVED,30,8,11,4,0,0
LB_BI_03.p,LogicBench,Resolution,Theorem,Proved,0,PROVED,7,0,0,0,12,4
LB_BI_04.p,LogicBench,Baseline,Theorem,Proved,0,PROVED,60,7,0,0,0,0
LB_BI_04.p,LogicBench,Improved,Theorem,Proved,0,PROVED,30,8,11,4,0,0
LB_BI_04.p,LogicBench,Resolution,Theorem,Proved,0,PROVED,7,0,0,0,12,4
LB_BI_05.p,LogicBench,Baseline,Theorem,Proved,0,PROVED,60,7,0,0,0,0
LB_BI_05.p,LogicBench,Improved,Theorem,Proved,0,PROVED,30,8,11,4,0,0
LB_BI_05.p,LogicBench,Resolution,Theorem,Proved,0,PROVED,7,0,0,0,12,4
LB_BI_06.p,LogicBench,Baseline,Theorem,Proved,0,PROVED,60,7,0,0,0,0
LB_BI_06.p,LogicBench,Improved,Theorem,Proved,0,PROVED,30,8,11,4,0,0
LB_BI_06.p,LogicBench,Resolution,Theorem,Proved,0,PROVED,7,0,0,0,12,4
LB_BI_07.p,LogicBench,Baseline,Theorem,Proved,0,PROVED,60,7,0,0,0,0
LB_BI_07.p,LogicBench,Improved,Theorem,Proved,0,PROVED,30,8,11,4,0,0
LB_BI_07.p,LogicBench,Resolution,Theorem,Proved,0,PROVED,7,0,0,0,12,4
LB_BI_08.p,LogicBench,Baseline,Theorem,Proved,0,PROVED,60,7,0,0,0,0
LB_BI_08.p,LogicBench,Improved,Theorem,Proved,0,PROVED,30,8,11,4,0,0
LB_BI_08.p,LogicBench,Resolution,Theorem,Proved,0,PROVED,7,0,0,0,12,4
LB_BI_09.p,LogicBench,Baseline,Theorem,Proved,0,PROVED,60,7,0,0,0,0
LB_BI_09.p,LogicBench,Improved,Theorem,Proved,0,PROVED,30,8,11,4,0,0
LB_BI_09.p,LogicBench,Resolution,Theorem,Proved,0,PROVED,7,0,0,0,12,4
LB_BI_10.p,LogicBench,Baseline,Theorem,Proved,0,PROVED,60,7,0,0,0,0
LB_BI_10.p,LogicBench,Improved,Theorem,Proved,0,PROVED,30,8,11,4,0,0
LB_BI_10.p,LogicBench,Resolution,Theorem,Proved,0,PROVED,7,0,0,0,12,4
LB_CD_01.p,LogicBench,Baseline,Theorem,Proved,0,PROVED,70,7,0,0,0,0
LB_CD_01.p,LogicBench,Improved,Theorem,Proved,0,PROVED,29,8,11,4,0,0
LB_CD_01.p,LogicBench,Resolution,Theorem,Proved,0,PROVED,8,0,0,0,10,3
LB_CD_02.p,LogicBench,Baseline,Theorem,Proved,0,PROVED,70,7,0,0,0,0
LB_CD_02.p,LogicBench,Improved,Theorem,Proved,0,PROVED,29,8,11,4,0,0
LB_CD_02.p,LogicBench,Resolution,Theorem,Proved,0,PROVED,8,0,0,0,10,3
LB_CD_03.p,LogicBench,Baseline,Theorem,Proved,0,PROVED,70,7,0,0,0,0
LB_CD_03.p,LogicBench,Improved,Theorem,Proved,0,PROVED,29,8,11,4,0,0
LB_CD_03.p,LogicBench,Resolution,Theorem,Proved,0,PROVED,8,0,0,0,10,3
LB_CD_04.p,LogicBench,Baseline,Theorem,Proved,0,PROVED,70,7,0,0,0,0
LB_CD_04.p,LogicBench,Improved,Theorem,Proved,0,PROVED,29,8,11,4,0,0
LB_CD_04.p,LogicBench,Resolution,Theorem,Proved,0,PROVED,8,0,0,0,10,3
LB_CD_05.p,LogicBench,Baseline,Theorem,Proved,0,PROVED,70,7,0,0,0,0
LB_CD_05.p,LogicBench,Improved,Theorem,Proved,0,PROVED,29,8,11,4,0,0
LB_CD_05.p,LogicBench,Resolution,Theorem,Proved,0,PROVED,8,0,0,0,10,3
LB_CD_06.p,LogicBench,Baseline,Theorem,Proved,0,PROVED,70,7,0,0,0,0
LB_CD_06.p,LogicBench,Improved,Theorem,Proved,0,PROVED,29,8,11,4,0,0
LB_CD_06.p,LogicBench,Resolution,Theorem,Proved,0,PROVED,8,0,0,0,10,3
LB_CD_07.p,LogicBench,Baseline,Theorem,Proved,0,PROVED,70,7,0,0,0,0
LB_CD_07.p,LogicBench,Improved,Theorem,Proved,0,PROVED,29,8,11,4,0,0
LB_CD_07.p,LogicBench,Resolution,Theorem,Proved,0,PROVED,8,0,0,0,10,3
LB_CD_08.p,LogicBench,Baseline,Theorem,Proved,0,PROVED,70,7,0,0,0,0
LB_CD_08.p,LogicBench,Improved,Theorem,Proved,0,PROVED,29,8,11,4,0,0
LB_CD_08.p,LogicBench,Resolution,Theorem,Proved,0,PROVED,8,0,0,0,10,3
LB_CD_09.p,LogicBench,Baseline,Theorem,Proved,0,PROVED,70,7,0,0,0,0
LB_CD_09.p,LogicBench,Improved,Theorem,Proved,0,PROVED,29,8,11,4,0,0
LB_CD_09.p,LogicBench,Resolution,Theorem,Proved,0,PROVED,8,0,0,0,10,3
LB_CD_10.p,LogicBench,Baseline,Theorem,Proved,0,PROVED,70,7,0,0,0,0
LB_CD_10.p,LogicBench,Improved,Theorem,Proved,0,PROVED,29,8,11,4,0,0
LB_CD_10.p,LogicBench,Resolution,Theorem,Proved,0,PROVED,8,0,0,0,10,3
LB_CE_01.p,LogicBench,Baseline,Theorem,Proved,0,PROVED,5,2,0,0,0,0
LB_CE_01.p,LogicBench,Improved,Theorem,Proved,0,PROVED,3,2,0,0,0,0
LB_CE_01.p,LogicBench,Resolution,Theorem,Proved,0,PROVED,3,0,0,0,4,0
LB_CE_02.p,LogicBench,Baseline,Theorem,Proved,0,PROVED,5,2,0,0,0,0
LB_CE_02.p,LogicBench,Improved,Theorem,Proved,0,PROVED,3,2,0,0,0,0
LB_CE_02.p,LogicBench,Resolution,Theorem,Proved,0,PROVED,3,0,0,0,4,0
LB_CE_03.p,LogicBench,Baseline,Theorem,Proved,0,PROVED,5,2,0,0,0,0
LB_CE_03.p,LogicBench,Improved,Theorem,Proved,0,PROVED,3,2,0,0,0,0
LB_CE_03.p,LogicBench,Resolution,Theorem,Proved,0,PROVED,3,0,0,0,4,0
LB_CE_04.p,LogicBench,Baseline,Theorem,Proved,0,PROVED,5,2,0,0,0,0
LB_CE_04.p,LogicBench,Improved,Theorem,Proved,0,PROVED,3,2,0,0,0,0
LB_CE_04.p,LogicBench,Resolution,Theorem,Proved,0,PROVED,3,0,0,0,4,0
LB_CE_05.p,LogicBench,Baseline,Theorem,Proved,0,PROVED,5,2,0,0,0,0
LB_CE_05.p,LogicBench,Improved,Theorem,Proved,0,PROVED,3,2,0,0,0,0
LB_CE_05.p,LogicBench,Resolution,Theorem,Proved,0,PROVED,3,0,0,0,4,0
LB_CE_06.p,LogicBench,Baseline,Theorem,Proved,0,PROVED,5,2,0,0,0,0
LB_CE_06.p,LogicBench,Improved,Theorem,Proved,0,PROVED,3,2,0,0,0,0
LB_CE_06.p,LogicBench,Resolution,Theorem,Proved,0,PROVED,3,0,0,0,4,0
LB_CE_07.p,LogicBench,Baseline,Theorem,Proved,0,PROVED,5,2,0,0,0,0
LB_CE_07.p,LogicBench,Improved,Theorem,Proved,0,PROVED,3,2,0,0,0,0
LB_CE_07.p,LogicBench,Resolution,Theorem,Proved,0,PROVED,3,0,0,0,4,0
LB_CE_08.p,LogicBench,Baseline,Theorem,Proved,0,PROVED,5,2,0,0,0,0
LB_CE_08.p,LogicBench,Improved,Theorem,Proved,0,PROVED,3,2,0,0,0,0
LB_CE_08.p,LogicBench,Resolution,Theorem,Proved,0,PROVED,3,0,0,0,4,0
LB_CE_09.p,LogicBench,Baseline,Theorem,Proved,0,PROVED,5,2,0,0,0,0
LB_CE_09.p,LogicBench,Improved,Theorem,Proved,0,PROVED,3,2,0,0,0,0
LB_CE_09.p,LogicBench,Resolution,Theorem,Proved,0,PROVED,3,0,0,0,4,0
LB_CE_10.p,LogicBench,Baseline,Theorem,Proved,0,PROVED,5,2,0,0,0,0
LB_CE_10.p,LogicBench,Improved,Theorem,Proved,0,PROVED,3,2,0,0,0,0
LB_CE_10.p,LogicBench,Resolution,Theorem,Proved,0,PROVED,3,0,0,0,4,0
LB_CI_01.p,LogicBench,Baseline,Theorem,Proved,0,PROVED,2,1,0,0,0,0
LB_CI_01.p,LogicBench,Improved,Theorem,Proved,0,PROVED,2,1,0,0,0,0
LB_CI_01.p,LogicBench,Resolution,Theorem,Proved,0,PROVED,4,0,0,0,6,1
LB_CI_02.p,LogicBench,Baseline,Theorem,Proved,0,PROVED,2,1,0,0,0,0
LB_CI_02.p,LogicBench,Improved,Theorem,Proved,0,PROVED,2,1,0,0,0,0
LB_CI_02.p,LogicBench,Resolution,Theorem,Proved,0,PROVED,4,0,0,0,6,1
LB_CI_03.p,LogicBench,Baseline,Theorem,Proved,0,PROVED,2,1,0,0,0,0
LB_CI_03.p,LogicBench,Improved,Theorem,Proved,0,PROVED,2,1,0,0,0,0
LB_CI_03.p,LogicBench,Resolution,Theorem,Proved,0,PROVED,4,0,0,0,6,1
LB_CI_04.p,LogicBench,Baseline,Theorem,Proved,0,PROVED,2,1,0,0,0,0
LB_CI_04.p,LogicBench,Improved,Theorem,Proved,0,PROVED,2,1,0,0,0,0
LB_CI_04.p,LogicBench,Resolution,Theorem,Proved,0,PROVED,4,0,0,0,6,1
LB_CI_05.p,LogicBench,Baseline,Theorem,Proved,0,PROVED,2,1,0,0,0,0
LB_CI_05.p,LogicBench,Improved,Theorem,Proved,0,PROVED,2,1,0,0,0,0
LB_CI_05.p,LogicBench,Resolution,Theorem,Proved,0,PROVED,4,0,0,0,6,1
LB_CI_06.p,LogicBench,Baseline,Theorem,Proved,0,PROVED,2,1,0,0,0,0
LB_CI_06.p,LogicBench,Improved,Theorem,Proved,0,PROVED,2,1,0,0,0,0
LB_CI_06.p,LogicBench,Resolution,Theorem,Proved,0,PROVED,4,0,0,0,6,1
LB_CI_07.p,LogicBench,Baseline,Theorem,Proved,0,PROVED,2,1,0,0,0,0
LB_CI_07.p,LogicBench,Improved,Theorem,Proved,0,PROVED,2,1,0,0,0,0
LB_CI_07.p,LogicBench,Resolution,Theorem,Proved,0,PROVED,4,0,0,0,6,1
LB_CI_08.p,LogicBench,Baseline,Theorem,Proved,0,PROVED,2,1,0,0,0,0
LB_CI_08.p,LogicBench,Improved,Theorem,Proved,0,PROVED,2,1,0,0,0,0
LB_CI_08.p,LogicBench,Resolution,Theorem,Proved,0,PROVED,4,0,0,0,6,1
LB_CI_09.p,LogicBench,Baseline,Theorem,Proved,0,PROVED,2,1,0,0,0,0
LB_CI_09.p,LogicBench,Improved,Theorem,Proved,0,PROVED,2,1,0,0,0,0
LB_CI_09.p,LogicBench,Resolution,Theorem,Proved,0,PROVED,4,0,0,0,6,1
LB_CI_10.p,LogicBench,Baseline,Theorem,Proved,0,PROVED,2,1,0,0,0,0
LB_CI_10.p,LogicBench,Improved,Theorem,Proved,0,PROVED,2,1,0,0,0,0
LB_CI_10.p,LogicBench,Resolution,Theorem,Proved,0,PROVED,4,0,0,0,6,1
LB_CP_01.p,LogicBench,Baseline,Theorem,Proved,0,PROVED,42,7,0,0,0,0
LB_CP_01.p,LogicBench,Improved,Theorem,Proved,0,PROVED,16,7,2,2,0,0
LB_CP_01.p,LogicBench,Resolution,Theorem,Proved,0,PROVED,4,0,0,0,6,1
LB_CP_02.p,LogicBench,Baseline,Theorem,Proved,0,PROVED,42,7,0,0,0,0
LB_CP_02.p,LogicBench,Improved,Theorem,Proved,0,PROVED,16,7,2,2,0,0
LB_CP_02.p,LogicBench,Resolution,Theorem,Proved,0,PROVED,4,0,0,0,6,1
LB_CP_03.p,LogicBench,Baseline,Theorem,Proved,0,PROVED,42,7,0,0,0,0
LB_CP_03.p,LogicBench,Improved,Theorem,Proved,0,PROVED,16,7,2,2,0,0
LB_CP_03.p,LogicBench,Resolution,Theorem,Proved,0,PROVED,4,0,0,0,6,1
LB_CP_04.p,LogicBench,Baseline,Theorem,Proved,0,PROVED,42,7,0,0,0,0
LB_CP_04.p,LogicBench,Improved,Theorem,Proved,0,PROVED,16,7,2,2,0,0
LB_CP_04.p,LogicBench,Resolution,Theorem,Proved,0,PROVED,4,0,0,0,6,1
LB_CP_05.p,LogicBench,Baseline,Theorem,Proved,0,PROVED,42,7,0,0,0,0
LB_CP_05.p,LogicBench,Improved,Theorem,Proved,0,PROVED,16,7,2,2,0,0
LB_CP_05.p,LogicBench,Resolution,Theorem,Proved,0,PROVED,4,0,0,0,6,1
LB_CP_06.p,LogicBench,Baseline,Theorem,Proved,0,PROVED,42,7,0,0,0,0
LB_CP_06.p,LogicBench,Improved,Theorem,Proved,0,PROVED,16,7,2,2,0,0
LB_CP_06.p,LogicBench,Resolution,Theorem,Proved,0,PROVED,4,0,0,0,6,1
LB_CP_07.p,LogicBench,Baseline,Theorem,Proved,0,PROVED,42,7,0,0,0,0
LB_CP_07.p,LogicBench,Improved,Theorem,Proved,0,PROVED,16,7,2,2,0,0
LB_CP_07.p,LogicBench,Resolution,Theorem,Proved,0,PROVED,4,0,0,0,6,1
LB_CP_08.p,LogicBench,Baseline,Theorem,Proved,0,PROVED,42,7,0,0,0,0
LB_CP_08.p,LogicBench,Improved,Theorem,Proved,0,PROVED,16,7,2,2,0,0
LB_CP_08.p,LogicBench,Resolution,Theorem,Proved,0,PROVED,4,0,0,0,6,1
LB_CP_09.p,LogicBench,Baseline,Theorem,Proved,0,PROVED,42,7,0,0,0,0
LB_CP_09.p,LogicBench,Improved,Theorem,Proved,0,PROVED,16,7,2,2,0,0
LB_CP_09.p,LogicBench,Resolution,Theorem,Proved,0,PROVED,4,0,0,0,6,1
LB_CP_10.p,LogicBench,Baseline,Theorem,Proved,0,PROVED,42,7,0,0,0,0
LB_CP_10.p,LogicBench,Improved,Theorem,Proved,0,PROVED,16,7,2,2,0,0
LB_CP_10.p,LogicBench,Resolution,Theorem,Proved,0,PROVED,4,0,0,0,6,1
LB_DI_01.p,LogicBench,Baseline,Theorem,Proved,0,PROVED,5,2,0,0,0,0
LB_DI_01.p,LogicBench,Improved,Theorem,Proved,0,PROVED,3,2,0,0,0,0
LB_DI_01.p,LogicBench,Resolution,Theorem,Proved,0,PROVED,2,0,0,0,4,0
LB_DI_02.p,LogicBench,Baseline,Theorem,Proved,0,PROVED,5,2,0,0,0,0
LB_DI_02.p,LogicBench,Improved,Theorem,Proved,0,PROVED,3,2,0,0,0,0
LB_DI_02.p,LogicBench,Resolution,Theorem,Proved,0,PROVED,2,0,0,0,4,0
LB_DI_03.p,LogicBench,Baseline,Theorem,Proved,0,PROVED,5,2,0,0,0,0
LB_DI_03.p,LogicBench,Improved,Theorem,Proved,0,PROVED,3,2,0,0,0,0
LB_DI_03.p,LogicBench,Resolution,Theorem,Proved,0,PROVED,2,0,0,0,4,0
LB_DI_04.p,LogicBench,Baseline,Theorem,Proved,0,PROVED,5,2,0,0,0,0
LB_DI_04.p,LogicBench,Improved,Theorem,Proved,0,PROVED,3,2,0,0,0,0
LB_DI_04.p,LogicBench,Resolution,Theorem,Proved,0,PROVED,2,0,0,0,4,0
LB_DI_05.p,LogicBench,Baseline,Theorem,Proved,0,PROVED,5,2,0,0,0,0
LB_DI_05.p,LogicBench,Improved,Theorem,Proved,0,PROVED,3,2,0,0,0,0
LB_DI_05.p,LogicBench,Resolution,Theorem,Proved,0,PROVED,2,0,0,0,4,0
LB_DI_06.p,LogicBench,Baseline,Theorem,Proved,0,PROVED,5,2,0,0,0,0
LB_DI_06.p,LogicBench,Improved,Theorem,Proved,0,PROVED,3,2,0,0,0,0
LB_DI_06.p,LogicBench,Resolution,Theorem,Proved,0,PROVED,2,0,0,0,4,0
LB_DI_07.p,LogicBench,Baseline,Theorem,Proved,0,PROVED,5,2,0,0,0,0
LB_DI_07.p,LogicBench,Improved,Theorem,Proved,0,PROVED,3,2,0,0,0,0
LB_DI_07.p,LogicBench,Resolution,Theorem,Proved,0,PROVED,2,0,0,0,4,0
LB_DI_08.p,LogicBench,Baseline,Theorem,Proved,0,PROVED,5,2,0,0,0,0
LB_DI_08.p,LogicBench,Improved,Theorem,Proved,0,PROVED,3,2,0,0,0,0
LB_DI_08.p,LogicBench,Resolution,Theorem,Proved,0,PROVED,2,0,0,0,4,0
LB_DI_09.p,LogicBench,Baseline,Theorem,Proved,0,PROVED,5,2,0,0,0,0
LB_DI_09.p,LogicBench,Improved,Theorem,Proved,0,PROVED,3,2,0,0,0,0
LB_DI_09.p,LogicBench,Resolution,Theorem,Proved,0,PROVED,2,0,0,0,4,0
LB_DI_10.p,LogicBench,Baseline,Theorem,Proved,0,PROVED,5,2,0,0,0,0
LB_DI_10.p,LogicBench,Improved,Theorem,Proved,0,PROVED,3,2,0,0,0,0
LB_DI_10.p,LogicBench,Resolution,Theorem,Proved,0,PROVED,2,0,0,0,4,0
LB_DMA_01.p,LogicBench,Baseline,Theorem,Proved,0,PROVED,30,5,0,0,0,0
LB_DMA_01.p,LogicBench,Improved,Theorem,Proved,0,PROVED,7,5,0,0,0,0
LB_DMA_01.p,LogicBench,Resolution,Theorem,Proved,0,PROVED,4,0,0,0,6,1
LB_DMA_02.p,LogicBench,Baseline,Theorem,Proved,0,PROVED,30,5,0,0,0,0
LB_DMA_02.p,LogicBench,Improved,Theorem,Proved,0,PROVED,7,5,0,0,0,0
LB_DMA_02.p,LogicBench,Resolution,Theorem,Proved,0,PROVED,4,0,0,0,6,1
LB_DMA_03.p,LogicBench,Baseline,Theorem,Proved,0,PROVED,30,5,0,0,0,0
LB_DMA_03.p,LogicBench,Improved,Theorem,Proved,0,PROVED,7,5,0,0,0,0
LB_DMA_03.p,LogicBench,Resolution,Theorem,Proved,0,PROVED,4,0,0,0,6,1
LB_DMA_04.p,LogicBench,Baseline,Theorem,Proved,0,PROVED,30,5,0,0,0,0
LB_DMA_04.p,LogicBench,Improved,Theorem,Proved,0,PROVED,7,5,0,0,0,0
LB_DMA_04.p,LogicBench,Resolution,Theorem,Proved,0,PROVED,4,0,0,0,6,1
LB_DMA_05.p,LogicBench,Baseline,Theorem,Proved,0,PROVED,30,5,0,0,0,0
LB_DMA_05.p,LogicBench,Improved,Theorem,Proved,0,PROVED,7,5,0,0,0,0
LB_DMA_05.p,LogicBench,Resolution,Theorem,Proved,0,PROVED,4,0,0,0,6,1
LB_DMA_06.p,LogicBench,Baseline,Theorem,Proved,0,PROVED,30,5,0,0,0,0
LB_DMA_06.p,LogicBench,Improved,Theorem,Proved,0,PROVED,7,5,0,0,0,0
LB_DMA_06.p,LogicBench,Resolution,Theorem,Proved,0,PROVED,4,0,0,0,6,1
LB_DMA_07.p,LogicBench,Baseline,Theorem,Proved,0,PROVED,30,5,0,0,0,0
LB_DMA_07.p,LogicBench,Improved,Theorem,Proved,0,PROVED,7,5,0,0,0,0
LB_DMA_07.p,LogicBench,Resolution,Theorem,Proved,0,PROVED,4,0,0,0,6,1
LB_DMA_08.p,LogicBench,Baseline,Theorem,Proved,0,PROVED,30,5,0,0,0,0
LB_DMA_08.p,LogicBench,Improved,Theorem,Proved,0,PROVED,7,5,0,0,0,0
LB_DMA_08.p,LogicBench,Resolution,Theorem,Proved,0,PROVED,4,0,0,0,6,1
LB_DMA_09.p,LogicBench,Baseline,Theorem,Proved,0,PROVED,30,5,0,0,0,0
LB_DMA_09.p,LogicBench,Improved,Theorem,Proved,0,PROVED,7,5,0,0,0,0
LB_DMA_09.p,LogicBench,Resolution,Theorem,Proved,0,PROVED,4,0,0,0,6,1
LB_DMA_10.p,LogicBench,Baseline,Theorem,Proved,0,PROVED,30,5,0,0,0,0
LB_DMA_10.p,LogicBench,Improved,Theorem,Proved,0,PROVED,7,5,0,0,0,0
LB_DMA_10.p,LogicBench,Resolution,Theorem,Proved,0,PROVED,4,0,0,0,6,1
LB_DMO_01.p,LogicBench,Baseline,Theorem,Proved,0,PROVED,22,5,0,0,0,0
LB_DMO_01.p,LogicBench,Improved,Theorem,Proved,0,PROVED,8,5,0,0,0,0
LB_DMO_01.p,LogicBench,Resolution,Theorem,Proved,0,PROVED,4,0,0,0,6,1
LB_DMO_02.p,LogicBench,Baseline,Theorem,Proved,0,PROVED,22,5,0,0,0,0
LB_DMO_02.p,LogicBench,Improved,Theorem,Proved,0,PROVED,8,5,0,0,0,0
LB_DMO_02.p,LogicBench,Resolution,Theorem,Proved,0,PROVED,4,0,0,0,6,1
LB_DMO_03.p,LogicBench,Baseline,Theorem,Proved,0,PROVED,22,5,0,0,0,0
LB_DMO_03.p,LogicBench,Improved,Theorem,Proved,0,PROVED,8,5,0,0,0,0
LB_DMO_03.p,LogicBench,Resolution,Theorem,Proved,0,PROVED,4,0,0,0,6,1
LB_DMO_04.p,LogicBench,Baseline,Theorem,Proved,0,PROVED,22,5,0,0,0,0
LB_DMO_04.p,LogicBench,Improved,Theorem,Proved,0,PROVED,8,5,0,0,0,0
LB_DMO_04.p,LogicBench,Resolution,Theorem,Proved,0,PROVED,4,0,0,0,6,1
LB_DMO_05.p,LogicBench,Baseline,Theorem,Proved,0,PROVED,22,5,0,0,0,0
LB_DMO_05.p,LogicBench,Improved,Theorem,Proved,0,PROVED,8,5,0,0,0,0
LB_DMO_05.p,LogicBench,Resolution,Theorem,Proved,0,PROVED,4,0,0,0,6,1
LB_DMO_06.p,LogicBench,Baseline,Theorem,Proved,0,PROVED,22,5,0,0,0,0
LB_DMO_06.p,LogicBench,Improved,Theorem,Proved,0,PROVED,8,5,0,0,0,0
LB_DMO_06.p,LogicBench,Resolution,Theorem,Proved,0,PROVED,4,0,0,0,6,1
LB_DMO_07.p,LogicBench,Baseline,Theorem,Proved,0,PROVED,22,5,0,0,0,0
LB_DMO_07.p,LogicBench,Improved,Theorem,Proved,0,PROVED,8,5,0,0,0,0
LB_DMO_07.p,LogicBench,Resolution,Theorem,Proved,0,PROVED,4,0,0,0,6,1
LB_DMO_08.p,LogicBench,Baseline,Theorem,Proved,0,PROVED,22,5,0,0,0,0
LB_DMO_08.p,LogicBench,Improved,Theorem,Proved,0,PROVED,8,5,0,0,0,0
LB_DMO_08.p,LogicBench,Resolution,Theorem,Proved,0,PROVED,4,0,0,0,6,1
LB_DMO_09.p,LogicBench,Baseline,Theorem,Proved,0,PROVED,22,5,0,0,0,0
LB_DMO_09.p,LogicBench,Improved,Theorem,Proved,0,PROVED,8,5,0,0,0,0
LB_DMO_09.p,LogicBench,Resolution,Theorem,Proved,0,PROVED,4,0,0,0,6,1
LB_DMO_10.p,LogicBench,Baseline,Theorem,Proved,0,PROVED,22,5,0,0,0,0
LB_DMO_10.p,LogicBench,Improved,Theorem,Proved,0,PROVED,8,5,0,0,0,0
LB_DMO_10.p,LogicBench,Resolution,Theorem,Proved,0,PROVED,4,0,0,0,6,1
LB_DNE_01.p,LogicBench,Baseline,Theorem,Proved,0,PROVED,9,3,0,0,0,0
LB_DNE_01.p,LogicBench,Improved,Theorem,Proved,0,PROVED,4,3,0,0,0,0
LB_DNE_01.p,LogicBench,Resolution,Theorem,Proved,0,PROVED,2,0,0,0,3,0
LB_DNE_02.p,LogicBench,Baseline,Theorem,Proved,0,PROVED,9,3,0,0,0,0
LB_DNE_02.p,LogicBench,Improved,Theorem,Proved,0,PROVED,4,3,0,0,0,0
LB_DNE_02.p,LogicBench,Resolution,Theorem,Proved,0,PROVED,2,0,0,0,3,0
LB_DNE_03.p,LogicBench,Baseline,Theorem,Proved,0,PROVED,9,3,0,0,0,0
LB_DNE_03.p,LogicBench,Improved,Theorem,Proved,0,PROVED,4,3,0,0,0,0
LB_DNE_03.p,LogicBench,Resolution,Theorem,Proved,0,PROVED,2,0,0,0,3,0
LB_DNE_04.p,LogicBench,Baseline,Theorem,Proved,0,PROVED,9,3,0,0,0,0
LB_DNE_04.p,LogicBench,Improved,Theorem,Proved,0,PROVED,4,3,0,0,0,0
LB_DNE_04.p,LogicBench,Resolution,Theorem,Proved,0,PROVED,2,0,0,0,3,0
LB_DNE_05.p,LogicBench,Baseline,Theorem,Proved,0,PROVED,9,3,0,0,0,0
LB_DNE_05.p,LogicBench,Improved,Theorem,Proved,0,PROVED,4,3,0,0,0,0
LB_DNE_05.p,LogicBench,Resolution,Theorem,Proved,0,PROVED,2,0,0,0,3,0
LB_DNE_06.p,LogicBench,Baseline,Theorem,Proved,0,PROVED,9,3,0,0,0,0
LB_DNE_06.p,LogicBench,Improved,Theorem,Proved,0,PROVED,4,3,0,0,0,0
LB_DNE_06.p,LogicBench,Resolution,Theorem,Proved,0,PROVED,2,0,0,0,3,0
LB_DNE_07.p,LogicBench,Baseline,Theorem,Proved,0,PROVED,9,3,0,0,0,0
LB_DNE_07.p,LogicBench,Improved,Theorem,Proved,0,PROVED,4,3,0,0,0,0
LB_DNE_07.p,LogicBench,Resolution,Theorem,Proved,0,PROVED,2,0,0,0,3,0
LB_DNE_08.p,LogicBench,Baseline,Theorem,Proved,0,PROVED,9,3,0,0,0,0
LB_DNE_08.p,LogicBench,Improved,Theorem,Proved,0,PROVED,4,3,0,0,0,0
LB_DNE_08.p,LogicBench,Resolution,Theorem,Proved,0,PROVED,2,0,0,0,3,0
LB_DNE_09.p,LogicBench,Baseline,Theorem,Proved,0,PROVED,9,3,0,0,0,0
LB_DNE_09.p,LogicBench,Improved,Theorem,Proved,0,PROVED,4,3,0,0,0,0
LB_DNE_09.p,LogicBench,Resolution,Theorem,Proved,0,PROVED,2,0,0,0,3,0
LB_DNE_10.p,LogicBench,Baseline,Theorem,Proved,0,PROVED,9,3,0,0,0,0
LB_DNE_10.p,LogicBench,Improved,Theorem,Proved,0,PROVED,4,3,0,0,0,0
LB_DNE_10.p,LogicBench,Resolution,Theorem,Proved,0,PROVED,2,0,0,0,3,0
LB_DS_01.p,LogicBench,Baseline,Theorem,Proved,0,PROVED,15,4,0,0,0,0
LB_DS_01.p,LogicBench,Improved,Theorem,Proved,0,PROVED,6,4,0,0,0,0
LB_DS_01.p,LogicBench,Resolution,Theorem,Proved,0,PROVED,4,0,0,0,6,1
LB_DS_02.p,LogicBench,Baseline,Theorem,Proved,0,PROVED,15,4,0,0,0,0
LB_DS_02.p,LogicBench,Improved,Theorem,Proved,0,PROVED,6,4,0,0,0,0
LB_DS_02.p,LogicBench,Resolution,Theorem,Proved,0,PROVED,4,0,0,0,6,1
LB_DS_03.p,LogicBench,Baseline,Theorem,Proved,0,PROVED,15,4,0,0,0,0
LB_DS_03.p,LogicBench,Improved,Theorem,Proved,0,PROVED,6,4,0,0,0,0
LB_DS_03.p,LogicBench,Resolution,Theorem,Proved,0,PROVED,4,0,0,0,6,1
LB_DS_04.p,LogicBench,Baseline,Theorem,Proved,0,PROVED,15,4,0,0,0,0
LB_DS_04.p,LogicBench,Improved,Theorem,Proved,0,PROVED,6,4,0,0,0,0
LB_DS_04.p,LogicBench,Resolution,Theorem,Proved,0,PROVED,4,0,0,0,6,1
LB_DS_05.p,LogicBench,Baseline,Theorem,Proved,0,PROVED,15,4,0,0,0,0
LB_DS_05.p,LogicBench,Improved,Theorem,Proved,0,PROVED,6,4,0,0,0,0
LB_DS_05.p,LogicBench,Resolution,Theorem,Proved,0,PROVED,4,0,0,0,6,1
LB_DS_06.p,LogicBench,Baseline,Theorem,Proved,0,PROVED,15,4,0,0,0,0
LB_DS_06.p,LogicBench,Improved,Theorem,Proved,0,PROVED,6,4,0,0,0,0
LB_DS_06.p,LogicBench,Resolution,Theorem,Proved,0,PROVED,4,0,0,0,6,1
LB_DS_07.p,LogicBench,Baseline,Theorem,Proved,0,PROVED,15,4,0,0,0,0
LB_DS_07.p,LogicBench,Improved,Theorem,Proved,0,PROVED,6,4,0,0,0,0
LB_DS_07.p,LogicBench,Resolution,Theorem,Proved,0,PROVED,4,0,0,0,6,1
LB_DS_08.p,LogicBench,Baseline,Theorem,Proved,0,PROVED,15,4,0,0,0,0
LB_DS_08.p,LogicBench,Improved,Theorem,Proved,0,PROVED,6,4,0,0,0,0
LB_DS_08.p,LogicBench,Resolution,Theorem,Proved,0,PROVED,4,0,0,0,6,1
LB_DS_09.p,LogicBench,Baseline,Theorem,Proved,0,PROVED,15,4,0,0,0,0
LB_DS_09.p,LogicBench,Improved,Theorem,Proved,0,PROVED,6,4,0,0,0,0
LB_DS_09.p,LogicBench,Resolution,Theorem,Proved,0,PROVED,4,0,0,0,6,1
LB_DS_10.p,LogicBench,Baseline,Theorem,Proved,0,PROVED,15,4,0,0,0,0
LB_DS_10.p,LogicBench,Improved,Theorem,Proved,0,PROVED,6,4,0,0,0,0
LB_DS_10.p,LogicBench,Resolution,Theorem,Proved,0,PROVED,4,0,0,0,6,1
LB_EG_01.p,LogicBench,Baseline,Theorem,Proved,0,PROVED,5,2,0,0,0,0
LB_EG_01.p,LogicBench,Improved,Theorem,Proved,0,PROVED,6,2,2,1,0,0
LB_EG_01.p,LogicBench,Resolution,Theorem,Proved,0,PROVED,2,0,0,0,3,0
LB_EG_02.p,LogicBench,Baseline,Theorem,Proved,0,PROVED,5,2,0,0,0,0
LB_EG_02.p,LogicBench,Improved,Theorem,Proved,0,PROVED,6,2,2,1,0,0
LB_EG_02.p,LogicBench,Resolution,Theorem,Proved,0,PROVED,2,0,0,0,3,0
LB_EG_03.p,LogicBench,Baseline,Theorem,Proved,0,PROVED,5,2,0,0,0,0
LB_EG_03.p,LogicBench,Improved,Theorem,Proved,0,PROVED,6,2,2,1,0,0
LB_EG_03.p,LogicBench,Resolution,Theorem,Proved,0,PROVED,2,0,0,0,3,0
LB_EG_04.p,LogicBench,Baseline,Theorem,Proved,0,PROVED,5,2,0,0,0,0
LB_EG_04.p,LogicBench,Improved,Theorem,Proved,0,PROVED,6,2,2,1,0,0
LB_EG_04.p,LogicBench,Resolution,Theorem,Proved,0,PROVED,2,0,0,0,3,0
LB_EG_05.p,LogicBench,Baseline,Theorem,Proved,0,PROVED,5,2,0,0,0,0
LB_EG_05.p,LogicBench,Improved,Theorem,Proved,0,PROVED,6,2,2,1,0,0
LB_EG_05.p,LogicBench,Resolution,Theorem,Proved,0,PROVED,2,0,0,0,3,0
LB_EG_06.p,LogicBench,Baseline,Theorem,Proved,0,PROVED,5,2,0,0,0,0
LB_EG_06.p,LogicBench,Improved,Theorem,Proved,0,PROVED,6,2,2,1,0,0
LB_EG_06.p,LogicBench,Resolution,Theorem,Proved,0,PROVED,2,0,0,0,3,0
LB_EG_07.p,LogicBench,Baseline,Theorem,Proved,0,PROVED,5,2,0,0,0,0
LB_EG_07.p,LogicBench,Improved,Theorem,Proved,0,PROVED,6,2,2,1,0,0
LB_EG_07.p,LogicBench,Resolution,Theorem,Proved,0,PROVED,2,0,0,0,3,0
LB_EG_08.p,LogicBench,Baseline,Theorem,Proved,0,PROVED,5,2,0,0,0,0
LB_EG_08.p,LogicBench,Improved,Theorem,Proved,0,PROVED,6,2,2,1,0,0
LB_EG_08.p,LogicBench,Resolution,Theorem,Proved,0,PROVED,2,0,0,0,3,0
LB_EG_09.p,LogicBench,Baseline,Theorem,Proved,0,PROVED,5,2,0,0,0,0
LB_EG_09.p,LogicBench,Improved,Theorem,Proved,0,PROVED,6,2,2,1,0,0
LB_EG_09.p,LogicBench,Resolution,Theorem,Proved,0,PROVED,2,0,0,0,3,0
LB_EG_10.p,LogicBench,Baseline,Theorem,Proved,0,PROVED,5,2,0,0,0,0
LB_EG_10.p,LogicBench,Improved,Theorem,Proved,0,PROVED,6,2,2,1,0,0
LB_EG_10.p,LogicBench,Resolution,Theorem,Proved,0,PROVED,2,0,0,0,3,0
LB_ES_01.p,LogicBench,Baseline,Theorem,Proved,0,PROVED,40,7,0,0,0,0
LB_ES_01.p,LogicBench,Improved,Theorem,Proved,0,PROVED,34,7,15,3,0,0
LB_ES_01.p,LogicBench,Resolution,Theorem,Proved,0,PROVED,5,0,0,0,7,1
LB_ES_02.p,LogicBench,Baseline,Theorem,Proved,0,PROVED,40,7,0,0,0,0
LB_ES_02.p,LogicBench,Improved,Theorem,Proved,0,PROVED,34,7,15,3,0,0
LB_ES_02.p,LogicBench,Resolution,Theorem,Proved,0,PROVED,5,0,0,0,7,1
LB_ES_03.p,LogicBench,Baseline,Theorem,Proved,0,PROVED,40,7,0,0,0,0
LB_ES_03.p,LogicBench,Improved,Theorem,Proved,0,PROVED,34,7,15,3,0,0
LB_ES_03.p,LogicBench,Resolution,Theorem,Proved,0,PROVED,5,0,0,0,7,1
LB_ES_04.p,LogicBench,Baseline,Theorem,Proved,0,PROVED,40,7,0,0,0,0
LB_ES_04.p,LogicBench,Improved,Theorem,Proved,0,PROVED,34,7,15,3,0,0
LB_ES_04.p,LogicBench,Resolution,Theorem,Proved,0,PROVED,5,0,0,0,7,1
LB_ES_05.p,LogicBench,Baseline,Theorem,Proved,0,PROVED,40,7,0,0,0,0
LB_ES_05.p,LogicBench,Improved,Theorem,Proved,0.001,PROVED,34,7,15,3,0,0
LB_ES_05.p,LogicBench,Resolution,Theorem,Proved,0,PROVED,5,0,0,0,7,1
LB_ES_06.p,LogicBench,Baseline,Theorem,Proved,0,PROVED,40,7,0,0,0,0
LB_ES_06.p,LogicBench,Improved,Theorem,Proved,0,PROVED,34,7,15,3,0,0
LB_ES_06.p,LogicBench,Resolution,Theorem,Proved,0,PROVED,5,0,0,0,7,1
LB_ES_07.p,LogicBench,Baseline,Theorem,Proved,0,PROVED,40,7,0,0,0,0
LB_ES_07.p,LogicBench,Improved,Theorem,Proved,0,PROVED,34,7,15,3,0,0
LB_ES_07.p,LogicBench,Resolution,Theorem,Proved,0,PROVED,5,0,0,0,7,1
LB_ES_08.p,LogicBench,Baseline,Theorem,Proved,0,PROVED,40,7,0,0,0,0
LB_ES_08.p,LogicBench,Improved,Theorem,Proved,0,PROVED,34,7,15,3,0,0
LB_ES_08.p,LogicBench,Resolution,Theorem,Proved,0,PROVED,5,0,0,0,7,1
LB_ES_09.p,LogicBench,Baseline,Theorem,Proved,0,PROVED,40,7,0,0,0,0
LB_ES_09.p,LogicBench,Improved,Theorem,Proved,0,PROVED,34,7,15,3,0,0
LB_ES_09.p,LogicBench,Resolution,Theorem,Proved,0,PROVED,5,0,0,0,7,1
LB_ES_10.p,LogicBench,Baseline,Theorem,Proved,0,PROVED,40,7,0,0,0,0
LB_ES_10.p,LogicBench,Improved,Theorem,Proved,0,PROVED,34,7,15,3,0,0
LB_ES_10.p,LogicBench,Resolution,Theorem,Proved,0,PROVED,5,0,0,0,7,1
LB_HS_01.p,LogicBench,Baseline,Theorem,Proved,0,PROVED,106,8,0,0,0,0
LB_HS_01.p,LogicBench,Improved,Theorem,Proved,0,PROVED,36,8,14,4,0,0
LB_HS_01.p,LogicBench,Resolution,Theorem,Proved,0,PROVED,6,0,0,0,8,2
LB_HS_02.p,LogicBench,Baseline,Theorem,Proved,0,PROVED,106,8,0,0,0,0
LB_HS_02.p,LogicBench,Improved,Theorem,Proved,0,PROVED,36,8,14,4,0,0
LB_HS_02.p,LogicBench,Resolution,Theorem,Proved,0,PROVED,6,0,0,0,8,2
LB_HS_03.p,LogicBench,Baseline,Theorem,Proved,0,PROVED,106,8,0,0,0,0
LB_HS_03.p,LogicBench,Improved,Theorem,Proved,0,PROVED,36,8,14,4,0,0
LB_HS_03.p,LogicBench,Resolution,Theorem,Proved,0,PROVED,6,0,0,0,8,2
LB_HS_04.p,LogicBench,Baseline,Theorem,Proved,0,PROVED,106,8,0,0,0,0
LB_HS_04.p,LogicBench,Improved,Theorem,Proved,0,PROVED,36,8,14,4,0,0
LB_HS_04.p,LogicBench,Resolution,Theorem,Proved,0,PROVED,6,0,0,0,8,2
LB_HS_05.p,LogicBench,Baseline,Theorem,Proved,0,PROVED,106,8,0,0,0,0
LB_HS_05.p,LogicBench,Improved,Theorem,Proved,0,PROVED,36,8,14,4,0,0
LB_HS_05.p,LogicBench,Resolution,Theorem,Proved,0,PROVED,6,0,0,0,8,2
LB_HS_06.p,LogicBench,Baseline,Theorem,Proved,0,PROVED,106,8,0,0,0,0
LB_HS_06.p,LogicBench,Improved,Theorem,Proved,0,PROVED,36,8,14,4,0,0
LB_HS_06.p,LogicBench,Resolution,Theorem,Proved,0,PROVED,6,0,0,0,8,2
LB_HS_07.p,LogicBench,Baseline,Theorem,Proved,0,PROVED,106,8,0,0,0,0
LB_HS_07.p,LogicBench,Improved,Theorem,Proved,0,PROVED,36,8,14,4,0,0
LB_HS_07.p,LogicBench,Resolution,Theorem,Proved,0,PROVED,6,0,0,0,8,2
LB_HS_08.p,LogicBench,Baseline,Theorem,Proved,0,PROVED,106,8,0,0,0,0
LB_HS_08.p,LogicBench,Improved,Theorem,Proved,0,PROVED,36,8,14,4,0,0
LB_HS_08.p,LogicBench,Resolution,Theorem,Proved,0,PROVED,6,0,0,0,8,2
LB_HS_09.p,LogicBench,Baseline,Theorem,Proved,0,PROVED,106,8,0,0,0,0
LB_HS_09.p,LogicBench,Improved,Theorem,Proved,0,PROVED,36,8,14,4,0,0
LB_HS_09.p,LogicBench,Resolution,Theorem,Proved,0,PROVED,6,0,0,0,8,2
LB_HS_10.p,LogicBench,Baseline,Theorem,Proved,0,PROVED,106,8,0,0,0,0
LB_HS_10.p,LogicBench,Improved,Theorem,Proved,0,PROVED,36,8,14,4,0,0
LB_HS_10.p,LogicBench,Resolution,Theorem,Proved,0,PROVED,6,0,0,0,8,2
LB_MMP_01.p,LogicBench,Baseline,Theorem,Proved,0,PROVED,77,8,0,0,0,0
LB_MMP_01.p,LogicBench,Improved,Theorem,Proved,0,PROVED,144,10,88,14,0,0
LB_MMP_01.p,LogicBench,Resolution,Theorem,Proved,0,PROVED,8,0,0,0,10,3
LB_MMP_02.p,LogicBench,Baseline,Theorem,Proved,0,PROVED,77,8,0,0,0,0
LB_MMP_02.p,LogicBench,Improved,Theorem,Proved,0,PROVED,144,10,88,14,0,0
LB_MMP_02.p,LogicBench,Resolution,Theorem,Proved,0,PROVED,8,0,0,0,10,3
LB_MMP_03.p,LogicBench,Baseline,Theorem,Proved,0,PROVED,77,8,0,0,0,0
LB_MMP_03.p,LogicBench,Improved,Theorem,Proved,0,PROVED,144,10,88,14,0,0
LB_MMP_03.p,LogicBench,Resolution,Theorem,Proved,0,PROVED,8,0,0,0,10,3
LB_MMP_04.p,LogicBench,Baseline,Theorem,Proved,0,PROVED,77,8,0,0,0,0
LB_MMP_04.p,LogicBench,Improved,Theorem,Proved,0,PROVED,144,10,88,14,0,0
LB_MMP_04.p,LogicBench,Resolution,Theorem,Proved,0,PROVED,8,0,0,0,10,3
LB_MMP_05.p,LogicBench,Baseline,Theorem,Proved,0,PROVED,77,8,0,0,0,0
LB_MMP_05.p,LogicBench,Improved,Theorem,Proved,0,PROVED,144,10,88,14,0,0
LB_MMP_05.p,LogicBench,Resolution,Theorem,Proved,0,PROVED,8,0,0,0,10,3
LB_MMP_06.p,LogicBench,Baseline,Theorem,Proved,0,PROVED,77,8,0,0,0,0
LB_MMP_06.p,LogicBench,Improved,Theorem,Proved,0,PROVED,176,10,109,21,0,0
LB_MMP_06.p,LogicBench,Resolution,Theorem,Proved,0,PROVED,8,0,0,0,10,3
LB_MMP_07.p,LogicBench,Baseline,Theorem,Proved,0,PROVED,77,8,0,0,0,0
LB_MMP_07.p,LogicBench,Improved,Theorem,Proved,0,PROVED,144,10,88,14,0,0
LB_MMP_07.p,LogicBench,Resolution,Theorem,Proved,0,PROVED,8,0,0,0,10,3
LB_MMP_08.p,LogicBench,Baseline,Theorem,Proved,0,PROVED,77,8,0,0,0,0
LB_MMP_08.p,LogicBench,Improved,Theorem,Proved,0,PROVED,176,10,109,21,0,0
LB_MMP_08.p,LogicBench,Resolution,Theorem,Proved,0,PROVED,8,0,0,0,10,3
LB_MMP_09.p,LogicBench,Baseline,Theorem,Proved,0,PROVED,77,8,0,0,0,0
LB_MMP_09.p,LogicBench,Improved,Theorem,Proved,0,PROVED,144,10,88,14,0,0
LB_MMP_09.p,LogicBench,Resolution,Theorem,Proved,0,PROVED,8,0,0,0,10,3
LB_MMP_10.p,LogicBench,Baseline,Theorem,Proved,0,PROVED,77,8,0,0,0,0
LB_MMP_10.p,LogicBench,Improved,Theorem,Proved,0,PROVED,144,10,88,14,0,0
LB_MMP_10.p,LogicBench,Resolution,Theorem,Proved,0,PROVED,8,0,0,0,10,3
LB_MP_01.p,LogicBench,Baseline,Theorem,Proved,0,PROVED,15,4,0,0,0,0
LB_MP_01.p,LogicBench,Improved,Theorem,Proved,0,PROVED,10,4,2,2,0,0
LB_MP_01.p,LogicBench,Resolution,Theorem,Proved,0,PROVED,4,0,0,0,6,1
LB_MP_02.p,LogicBench,Baseline,Theorem,Proved,0,PROVED,15,4,0,0,0,0
LB_MP_02.p,LogicBench,Improved,Theorem,Proved,0,PROVED,10,4,2,2,0,0
LB_MP_02.p,LogicBench,Resolution,Theorem,Proved,0,PROVED,4,0,0,0,6,1
LB_MP_03.p,LogicBench,Baseline,Theorem,Proved,0,PROVED,15,4,0,0,0,0
LB_MP_03.p,LogicBench,Improved,Theorem,Proved,0,PROVED,10,4,2,2,0,0
LB_MP_03.p,LogicBench,Resolution,Theorem,Proved,0,PROVED,4,0,0,0,6,1
LB_MP_04.p,LogicBench,Baseline,Theorem,Proved,0,PROVED,15,4,0,0,0,0
LB_MP_04.p,LogicBench,Improved,Theorem,Proved,0,PROVED,10,4,2,2,0,0
LB_MP_04.p,LogicBench,Resolution,Theorem,Proved,0,PROVED,4,0,0,0,6,1
LB_MP_05.p,LogicBench,Baseline,Theorem,Proved,0,PROVED,15,4,0,0,0,0
LB_MP_05.p,LogicBench,Improved,Theorem,Proved,0,PROVED,10,4,2,2,0,0
LB_MP_05.p,LogicBench,Resolution,Theorem,Proved,0,PROVED,4,0,0,0,6,1
LB_MP_06.p,LogicBench,Baseline,Theorem,Proved,0,PROVED,15,4,0,0,0,0
LB_MP_06.p,LogicBench,Improved,Theorem,Proved,0,PROVED,10,4,2,2,0,0
LB_MP_06.p,LogicBench,Resolution,Theorem,Proved,0,PROVED,4,0,0,0,6,1
LB_MP_07.p,LogicBench,Baseline,Theorem,Proved,0,PROVED,15,4,0,0,0,0
LB_MP_07.p,LogicBench,Improved,Theorem,Proved,0,PROVED,10,4,2,2,0,0
LB_MP_07.p,LogicBench,Resolution,Theorem,Proved,0,PROVED,4,0,0,0,6,1
LB_MP_08.p,LogicBench,Baseline,Theorem,Proved,0,PROVED,15,4,0,0,0,0
LB_MP_08.p,LogicBench,Improved,Theorem,Proved,0,PROVED,10,4,2,2,0,0
LB_MP_08.p,LogicBench,Resolution,Theorem,Proved,0,PROVED,4,0,0,0,6,1
LB_MP_09.p,LogicBench,Baseline,Theorem,Proved,0,PROVED,15,4,0,0,0,0
LB_MP_09.p,LogicBench,Improved,Theorem,Proved,0,PROVED,10,4,2,2,0,0
LB_MP_09.p,LogicBench,Resolution,Theorem,Proved,0,PROVED,4,0,0,0,6,1
LB_MP_10.p,LogicBench,Baseline,Theorem,Proved,0,PROVED,15,4,0,0,0,0
LB_MP_10.p,LogicBench,Improved,Theorem,Proved,0,PROVED,10,4,2,2,0,0
LB_MP_10.p,LogicBench,Resolution,Theorem,Proved,0,PROVED,4,0,0,0,6,1
LB_MT_01.p,LogicBench,Baseline,Theorem,Proved,0,PROVED,44,6,0,0,0,0
LB_MT_01.p,LogicBench,Improved,Theorem,Proved,0,PROVED,14,6,2,2,0,0
LB_MT_01.p,LogicBench,Resolution,Theorem,Proved,0,PROVED,4,0,0,0,6,1
LB_MT_02.p,LogicBench,Baseline,Theorem,Proved,0,PROVED,44,6,0,0,0,0
LB_MT_02.p,LogicBench,Improved,Theorem,Proved,0,PROVED,14,6,2,2,0,0
LB_MT_02.p,LogicBench,Resolution,Theorem,Proved,0,PROVED,4,0,0,0,6,1
LB_MT_03.p,LogicBench,Baseline,Theorem,Proved,0,PROVED,44,6,0,0,0,0
LB_MT_03.p,LogicBench,Improved,Theorem,Proved,0,PROVED,14,6,2,2,0,0
LB_MT_03.p,LogicBench,Resolution,Theorem,Proved,0,PROVED,4,0,0,0,6,1
LB_MT_04.p,LogicBench,Baseline,Theorem,Proved,0,PROVED,44,6,0,0,0,0
LB_MT_04.p,LogicBench,Improved,Theorem,Proved,0,PROVED,14,6,2,2,0,0
LB_MT_04.p,LogicBench,Resolution,Theorem,Proved,0,PROVED,4,0,0,0,6,1
LB_MT_05.p,LogicBench,Baseline,Theorem,Proved,0,PROVED,44,6,0,0,0,0
LB_MT_05.p,LogicBench,Improved,Theorem,Proved,0,PROVED,14,6,2,2,0,0
LB_MT_05.p,LogicBench,Resolution,Theorem,Proved,0,PROVED,4,0,0,0,6,1
LB_MT_06.p,LogicBench,Baseline,Theorem,Proved,0,PROVED,44,6,0,0,0,0
LB_MT_06.p,LogicBench,Improved,Theorem,Proved,0,PROVED,14,6,2,2,0,0
LB_MT_06.p,LogicBench,Resolution,Theorem,Proved,0,PROVED,4,0,0,0,6,1
LB_MT_07.p,LogicBench,Baseline,Theorem,Proved,0,PROVED,44,6,0,0,0,0
LB_MT_07.p,LogicBench,Improved,Theorem,Proved,0,PROVED,14,6,2,2,0,0
LB_MT_07.p,LogicBench,Resolution,Theorem,Proved,0,PROVED,4,0,0,0,6,1
LB_MT_08.p,LogicBench,Baseline,Theorem,Proved,0,PROVED,44,6,0,0,0,0
LB_MT_08.p,LogicBench,Improved,Theorem,Proved,0,PROVED,14,6,2,2,0,0
LB_MT_08.p,LogicBench,Resolution,Theorem,Proved,0,PROVED,4,0,0,0,6,1
LB_MT_09.p,LogicBench,Baseline,Theorem,Proved,0,PROVED,44,6,0,0,0,0
LB_MT_09.p,LogicBench,Improved,Theorem,Proved,0,PROVED,14,6,2,2,0,0
LB_MT_09.p,LogicBench,Resolution,Theorem,Proved,0,PROVED,4,0,0,0,6,1
LB_MT_10.p,LogicBench,Baseline,Theorem,Proved,0,PROVED,44,6,0,0,0,0
LB_MT_10.p,LogicBench,Improved,Theorem,Proved,0,PROVED,14,6,2,2,0,0
LB_MT_10.p,LogicBench,Resolution,Theorem,Proved,0,PROVED,4,0,0,0,6,1
LB_RAA_01.p,LogicBench,Baseline,Theorem,Proved,0,PROVED,156,9,0,0,0,0
LB_RAA_01.p,LogicBench,Improved,Theorem,Proved,0,PROVED,46,9,19,6,0,0
LB_RAA_01.p,LogicBench,Resolution,Theorem,Proved,0,PROVED,5,0,0,0,7,2
LB_RAA_02.p,LogicBench,Baseline,Theorem,Proved,0,PROVED,156,9,0,0,0,0
LB_RAA_02.p,LogicBench,Improved,Theorem,Proved,0,PROVED,46,9,19,6,0,0
LB_RAA_02.p,LogicBench,Resolution,Theorem,Proved,0,PROVED,5,0,0,0,7,2
LB_RAA_03.p,LogicBench,Baseline,Theorem,Proved,0,PROVED,156,9,0,0,0,0
LB_RAA_03.p,LogicBench,Improved,Theorem,Proved,0,PROVED,46,9,19,6,0,0
LB_RAA_03.p,LogicBench,Resolution,Theorem,Proved,0,PROVED,5,0,0,0,7,2
LB_RAA_04.p,LogicBench,Baseline,Theorem,Proved,0,PROVED,156,9,0,0,0,0
LB_RAA_04.p,LogicBench,Improved,Theorem,Proved,0,PROVED,46,9,19,6,0,0
LB_RAA_04.p,LogicBench,Resolution,Theorem,Proved,0,PROVED,5,0,0,0,7,2
LB_RAA_05.p,LogicBench,Baseline,Theorem,Proved,0,PROVED,156,9,0,0,0,0
LB_RAA_05.p,LogicBench,Improved,Theorem,Proved,0,PROVED,46,9,19,6,0,0
LB_RAA_05.p,LogicBench,Resolution,Theorem,Proved,0,PROVED,5,0,0,0,7,2
LB_RAA_06.p,LogicBench,Baseline,Theorem,Proved,0,PROVED,156,9,0,0,0,0
LB_RAA_06.p,LogicBench,Improved,Theorem,Proved,0,PROVED,46,9,19,6,0,0
LB_RAA_06.p,LogicBench,Resolution,Theorem,Proved,0,PROVED,5,0,0,0,7,2
LB_RAA_07.p,LogicBench,Baseline,Theorem,Proved,0,PROVED,156,9,0,0,0,0
LB_RAA_07.p,LogicBench,Improved,Theorem,Proved,0,PROVED,46,9,19,6,0,0
LB_RAA_07.p,LogicBench,Resolution,Theorem,Proved,0,PROVED,5,0,0,0,7,2
LB_RAA_08.p,LogicBench,Baseline,Theorem,Proved,0,PROVED,156,9,0,0,0,0
LB_RAA_08.p,LogicBench,Improved,Theorem,Proved,0,PROVED,46,9,19,6,0,0
LB_RAA_08.p,LogicBench,Resolution,Theorem,Proved,0,PROVED,5,0,0,0,7,2
LB_RAA_09.p,LogicBench,Baseline,Theorem,Proved,0,PROVED,156,9,0,0,0,0
LB_RAA_09.p,LogicBench,Improved,Theorem,Proved,0,PROVED,46,9,19,6,0,0
LB_RAA_09.p,LogicBench,Resolution,Theorem,Proved,0,PROVED,5,0,0,0,7,2
LB_RAA_10.p,LogicBench,Baseline,Theorem,Proved,0,PROVED,156,9,0,0,0,0
LB_RAA_10.p,LogicBench,Improved,Theorem,Proved,0,PROVED,46,9,19,6,0,0
LB_RAA_10.p,LogicBench,Resolution,Theorem,Proved,0,PROVED,5,0,0,0,7,2
LB_RES_01.p,LogicBench,Baseline,Theorem,Proved,0,PROVED,45,6,0,0,0,0
LB_RES_01.p,LogicBench,Improved,Theorem,Proved,0,PROVED,9,6,0,0,0,0
LB_RES_01.p,LogicBench,Resolution,Theorem,Proved,0,PROVED,6,0,0,0,8,2
LB_RES_02.p,LogicBench,Baseline,Theorem,Proved,0,PROVED,45,6,0,0,0,0
LB_RES_02.p,LogicBench,Improved,Theorem,Proved,0,PROVED,9,6,0,0,0,0
LB_RES_02.p,LogicBench,Resolution,Theorem,Proved,0,PROVED,6,0,0,0,8,2
LB_RES_03.p,LogicBench,Baseline,Theorem,Proved,0,PROVED,45,6,0,0,0,0
LB_RES_03.p,LogicBench,Improved,Theorem,Proved,0,PROVED,9,6,0,0,0,0
LB_RES_03.p,LogicBench,Resolution,Theorem,Proved,0,PROVED,6,0,0,0,8,2
LB_RES_04.p,LogicBench,Baseline,Theorem,Proved,0,PROVED,45,6,0,0,0,0
LB_RES_04.p,LogicBench,Improved,Theorem,Proved,0,PROVED,9,6,0,0,0,0
LB_RES_04.p,LogicBench,Resolution,Theorem,Proved,0,PROVED,6,0,0,0,8,2
LB_RES_05.p,LogicBench,Baseline,Theorem,Proved,0,PROVED,45,6,0,0,0,0
LB_RES_05.p,LogicBench,Improved,Theorem,Proved,0,PROVED,9,6,0,0,0,0
LB_RES_05.p,LogicBench,Resolution,Theorem,Proved,0,PROVED,6,0,0,0,8,2
LB_RES_06.p,LogicBench,Baseline,Theorem,Proved,0,PROVED,45,6,0,0,0,0
LB_RES_06.p,LogicBench,Improved,Theorem,Proved,0,PROVED,9,6,0,0,0,0
LB_RES_06.p,LogicBench,Resolution,Theorem,Proved,0,PROVED,6,0,0,0,8,2
LB_RES_07.p,LogicBench,Baseline,Theorem,Proved,0,PROVED,45,6,0,0,0,0
LB_RES_07.p,LogicBench,Improved,Theorem,Proved,0,PROVED,9,6,0,0,0,0
LB_RES_07.p,LogicBench,Resolution,Theorem,Proved,0,PROVED,6,0,0,0,8,2
LB_RES_08.p,LogicBench,Baseline,Theorem,Proved,0,PROVED,45,6,0,0,0,0
LB_RES_08.p,LogicBench,Improved,Theorem,Proved,0,PROVED,9,6,0,0,0,0
LB_RES_08.p,LogicBench,Resolution,Theorem,Proved,0,PROVED,6,0,0,0,8,2
LB_RES_09.p,LogicBench,Baseline,Theorem,Proved,0,PROVED,45,6,0,0,0,0
LB_RES_09.p,LogicBench,Improved,Theorem,Proved,0,PROVED,9,6,0,0,0,0
LB_RES_09.p,LogicBench,Resolution,Theorem,Proved,0,PROVED,6,0,0,0,8,2
LB_RES_10.p,LogicBench,Baseline,Theorem,Proved,0,PROVED,45,6,0,0,0,0
LB_RES_10.p,LogicBench,Improved,Theorem,Proved,0,PROVED,9,6,0,0,0,0
LB_RES_10.p,LogicBench,Resolution,Theorem,Proved,0,PROVED,6,0,0,0,8,2
LB_UI_01.p,LogicBench,Baseline,Theorem,Proved,0,PROVED,5,2,0,0,0,0
LB_UI_01.p,LogicBench,Improved,Theorem,Proved,0,PROVED,6,2,2,1,0,0
LB_UI_01.p,LogicBench,Resolution,Theorem,Proved,0,PROVED,2,0,0,0,3,0
LB_UI_02.p,LogicBench,Baseline,Theorem,Proved,0,PROVED,5,2,0,0,0,0
LB_UI_02.p,LogicBench,Improved,Theorem,Proved,0,PROVED,6,2,2,1,0,0
LB_UI_02.p,LogicBench,Resolution,Theorem,Proved,0,PROVED,2,0,0,0,3,0
LB_UI_03.p,LogicBench,Baseline,Theorem,Proved,0,PROVED,5,2,0,0,0,0
LB_UI_03.p,LogicBench,Improved,Theorem,Proved,0,PROVED,6,2,2,1,0,0
LB_UI_03.p,LogicBench,Resolution,Theorem,Proved,0,PROVED,2,0,0,0,3,0
LB_UI_04.p,LogicBench,Baseline,Theorem,Proved,0,PROVED,5,2,0,0,0,0
LB_UI_04.p,LogicBench,Improved,Theorem,Proved,0,PROVED,6,2,2,1,0,0
LB_UI_04.p,LogicBench,Resolution,Theorem,Proved,0,PROVED,2,0,0,0,3,0
LB_UI_05.p,LogicBench,Baseline,Theorem,Proved,0,PROVED,5,2,0,0,0,0
LB_UI_05.p,LogicBench,Improved,Theorem,Proved,0,PROVED,6,2,2,1,0,0
LB_UI_05.p,LogicBench,Resolution,Theorem,Proved,0,PROVED,2,0,0,0,3,0
LB_UI_06.p,LogicBench,Baseline,Theorem,Proved,0,PROVED,5,2,0,0,0,0
LB_UI_06.p,LogicBench,Improved,Theorem,Proved,0,PROVED,6,2,2,1,0,0
LB_UI_06.p,LogicBench,Resolution,Theorem,Proved,0,PROVED,2,0,0,0,3,0
LB_UI_07.p,LogicBench,Baseline,Theorem,Proved,0,PROVED,5,2,0,0,0,0
LB_UI_07.p,LogicBench,Improved,Theorem,Proved,0,PROVED,6,2,2,1,0,0
LB_UI_07.p,LogicBench,Resolution,Theorem,Proved,0,PROVED,2,0,0,0,3,0
LB_UI_08.p,LogicBench,Baseline,Theorem,Proved,0,PROVED,5,2,0,0,0,0
LB_UI_08.p,LogicBench,Improved,Theorem,Proved,0,PROVED,6,2,2,1,0,0
LB_UI_08.p,LogicBench,Resolution,Theorem,Proved,0,PROVED,2,0,0,0,3,0
LB_UI_09.p,LogicBench,Baseline,Theorem,Proved,0,PROVED,5,2,0,0,0,0
LB_UI_09.p,LogicBench,Improved,Theorem,Proved,0,PROVED,6,2,2,1,0,0
LB_UI_09.p,LogicBench,Resolution,Theorem,Proved,0,PROVED,2,0,0,0,3,0
LB_UI_10.p,LogicBench,Baseline,Theorem,Proved,0,PROVED,5,2,0,0,0,0
LB_UI_10.p,LogicBench,Improved,Theorem,Proved,0,PROVED,6,2,2,1,0,0
LB_UI_10.p,LogicBench,Resolution,Theorem,Proved,0,PROVED,2,0,0,0,3,0
FOLIO001+1.p,FOLIO,Baseline,Theorem,Proved,0,PROVED,45,7,0,0,0,0
FOLIO001+1.p,FOLIO,Improved,Theorem,Proved,0,PROVED,33,7,14,4,0,0
FOLIO001+1.p,FOLIO,Resolution,Theorem,Proved,0,PROVED,6,0,0,0,8,2
FOLIO002+1.p,FOLIO,Baseline,CounterSatisfiable,NotProved,0.004,NOT_PROVED,3479,20,0,0,0,0
FOLIO002+1.p,FOLIO,Improved,CounterSatisfiable,NotProved,0.041,NOT_PROVED,11130,24,4640,0,0,0
FOLIO002+1.p,FOLIO,Resolution,CounterSatisfiable,NotProved,0,NOT_PROVED,2,0,0,0,4,0
FOLIO003+1.p,FOLIO,Baseline,Theorem,Proved,0,PROVED,45,7,0,0,0,0
FOLIO003+1.p,FOLIO,Improved,Theorem,Proved,0,PROVED,33,7,14,4,0,0
FOLIO003+1.p,FOLIO,Resolution,Theorem,Proved,0,PROVED,6,0,0,0,8,2
FOLIO004+1.p,FOLIO,Baseline,CounterSatisfiable,NotProved,0.003,NOT_PROVED,3479,20,0,0,0,0
FOLIO004+1.p,FOLIO,Improved,CounterSatisfiable,NotProved,0.065,NOT_PROVED,17972,24,7448,0,0,0
FOLIO004+1.p,FOLIO,Resolution,CounterSatisfiable,NotProved,0,NOT_PROVED,2,0,0,0,4,0
FOLIO005+1.p,FOLIO,Baseline,Theorem,Proved,0,PROVED,45,7,0,0,0,0
FOLIO005+1.p,FOLIO,Improved,Theorem,Proved,0,PROVED,33,7,14,4,0,0
FOLIO005+1.p,FOLIO,Resolution,Theorem,Proved,0,PROVED,6,0,0,0,8,2
FOLIO006+1.p,FOLIO,Baseline,CounterSatisfiable,NotProved,0.003,NOT_PROVED,3479,20,0,0,0,0
FOLIO006+1.p,FOLIO,Improved,CounterSatisfiable,NotProved,0.037,NOT_PROVED,11130,24,4640,0,0,0
FOLIO006+1.p,FOLIO,Resolution,CounterSatisfiable,NotProved,0,NOT_PROVED,2,0,0,0,4,0
FOLIO007+1.p,FOLIO,Baseline,Theorem,Proved,0,PROVED,45,7,0,0,0,0
FOLIO007+1.p,FOLIO,Improved,Theorem,Proved,0,PROVED,33,7,14,4,0,0
FOLIO007+1.p,FOLIO,Resolution,Theorem,Proved,0,PROVED,6,0,0,0,8,2
FOLIO008+1.p,FOLIO,Baseline,CounterSatisfiable,NotProved,0.003,NOT_PROVED,3479,20,0,0,0,0
FOLIO008+1.p,FOLIO,Improved,CounterSatisfiable,NotProved,0.038,NOT_PROVED,11130,24,4640,0,0,0
FOLIO008+1.p,FOLIO,Resolution,CounterSatisfiable,NotProved,0,NOT_PROVED,2,0,0,0,4,0
FOLIO009+1.p,FOLIO,Baseline,Theorem,Proved,0,PROVED,45,7,0,0,0,0
FOLIO009+1.p,FOLIO,Improved,Theorem,Proved,0,PROVED,33,7,14,4,0,0
FOLIO009+1.p,FOLIO,Resolution,Theorem,Proved,0,PROVED,6,0,0,0,8,2
FOLIO010+1.p,FOLIO,Baseline,CounterSatisfiable,NotProved,0.003,NOT_PROVED,3479,20,0,0,0,0
FOLIO010+1.p,FOLIO,Improved,CounterSatisfiable,NotProved,0.06,NOT_PROVED,17972,24,7448,0,0,0
FOLIO010+1.p,FOLIO,Resolution,CounterSatisfiable,NotProved,0,NOT_PROVED,2,0,0,0,4,0
FOLIO011+1.p,FOLIO,Baseline,Theorem,Proved,0,PROVED,45,7,0,0,0,0
FOLIO011+1.p,FOLIO,Improved,Theorem,Proved,0,PROVED,33,7,14,4,0,0
FOLIO011+1.p,FOLIO,Resolution,Theorem,Proved,0,PROVED,6,0,0,0,8,2
FOLIO012+1.p,FOLIO,Baseline,CounterSatisfiable,NotProved,0.003,NOT_PROVED,3479,20,0,0,0,0
FOLIO012+1.p,FOLIO,Improved,CounterSatisfiable,NotProved,0.06,NOT_PROVED,17972,24,7448,0,0,0
FOLIO012+1.p,FOLIO,Resolution,CounterSatisfiable,NotProved,0,NOT_PROVED,2,0,0,0,4,0
FOLIO013+1.p,FOLIO,Baseline,Theorem,Proved,0,PROVED,45,7,0,0,0,0
FOLIO013+1.p,FOLIO,Improved,Theorem,Proved,0,PROVED,33,7,14,4,0,0
FOLIO013+1.p,FOLIO,Resolution,Theorem,Proved,0,PROVED,6,0,0,0,8,2
FOLIO014+1.p,FOLIO,Baseline,CounterSatisfiable,NotProved,0.003,NOT_PROVED,3479,20,0,0,0,0
FOLIO014+1.p,FOLIO,Improved,CounterSatisfiable,NotProved,0.038,NOT_PROVED,11130,24,4640,0,0,0
FOLIO014+1.p,FOLIO,Resolution,CounterSatisfiable,NotProved,0,NOT_PROVED,2,0,0,0,4,0
FOLIO015+1.p,FOLIO,Baseline,Theorem,Proved,0,PROVED,45,7,0,0,0,0
FOLIO015+1.p,FOLIO,Improved,Theorem,Proved,0,PROVED,33,7,14,4,0,0
FOLIO015+1.p,FOLIO,Resolution,Theorem,Proved,0,PROVED,6,0,0,0,8,2
FOLIO016+1.p,FOLIO,Baseline,CounterSatisfiable,NotProved,0.003,NOT_PROVED,3479,20,0,0,0,0
FOLIO016+1.p,FOLIO,Improved,CounterSatisfiable,NotProved,0.038,NOT_PROVED,11130,24,4640,0,0,0
FOLIO016+1.p,FOLIO,Resolution,CounterSatisfiable,NotProved,0,NOT_PROVED,2,0,0,0,4,0
FOLIO017+1.p,FOLIO,Baseline,Theorem,Proved,0,PROVED,45,7,0,0,0,0
FOLIO017+1.p,FOLIO,Improved,Theorem,Proved,0,PROVED,33,7,14,4,0,0
FOLIO017+1.p,FOLIO,Resolution,Theorem,Proved,0,PROVED,6,0,0,0,8,2
FOLIO018+1.p,FOLIO,Baseline,CounterSatisfiable,NotProved,0.003,NOT_PROVED,3479,20,0,0,0,0
FOLIO018+1.p,FOLIO,Improved,CounterSatisfiable,NotProved,0.038,NOT_PROVED,11130,24,4640,0,0,0
FOLIO018+1.p,FOLIO,Resolution,CounterSatisfiable,NotProved,0,NOT_PROVED,2,0,0,0,4,0
FOLIO019+1.p,FOLIO,Baseline,Theorem,Proved,0,PROVED,45,7,0,0,0,0
FOLIO019+1.p,FOLIO,Improved,Theorem,Proved,0,PROVED,33,7,14,4,0,0
FOLIO019+1.p,FOLIO,Resolution,Theorem,Proved,0,PROVED,6,0,0,0,8,2
FOLIO020+1.p,FOLIO,Baseline,CounterSatisfiable,NotProved,0.003,NOT_PROVED,3479,20,0,0,0,0
FOLIO020+1.p,FOLIO,Improved,CounterSatisfiable,NotProved,0.039,NOT_PROVED,11130,24,4640,0,0,0
FOLIO020+1.p,FOLIO,Resolution,CounterSatisfiable,NotProved,0,NOT_PROVED,2,0,0,0,4,0
FOLIO021+1.p,FOLIO,Baseline,Theorem,Proved,0,PROVED,180,7,0,0,0,0
FOLIO021+1.p,FOLIO,Improved,Theorem,Proved,0,PROVED,33,7,14,4,0,0
FOLIO021+1.p,FOLIO,Resolution,Theorem,Proved,0,PROVED,6,0,0,0,8,2
FOLIO022+1.p,FOLIO,Baseline,Theorem,Proved,0,PROVED,180,7,0,0,0,0
FOLIO022+1.p,FOLIO,Improved,Theorem,Proved,0,PROVED,33,7,14,4,0,0
FOLIO022+1.p,FOLIO,Resolution,Theorem,Proved,0,PROVED,6,0,0,0,8,2
FOLIO023+1.p,FOLIO,Baseline,Theorem,Proved,0,PROVED,180,7,0,0,0,0
FOLIO023+1.p,FOLIO,Improved,Theorem,Proved,0,PROVED,33,7,14,4,0,0
FOLIO023+1.p,FOLIO,Resolution,Theorem,Proved,0,PROVED,6,0,0,0,8,2
FOLIO024+1.p,FOLIO,Baseline,Theorem,Proved,0,PROVED,180,7,0,0,0,0
FOLIO024+1.p,FOLIO,Improved,Theorem,Proved,0,PROVED,33,7,14,4,0,0
FOLIO024+1.p,FOLIO,Resolution,Theorem,Proved,0,PROVED,6,0,0,0,8,2
FOLIO025+1.p,FOLIO,Baseline,Theorem,Proved,0,PROVED,180,7,0,0,0,0
FOLIO025+1.p,FOLIO,Improved,Theorem,Proved,0,PROVED,33,7,14,4,0,0
FOLIO025+1.p,FOLIO,Resolution,Theorem,Proved,0,PROVED,6,0,0,0,8,2
FOLIO026+1.p,FOLIO,Baseline,Theorem,Proved,0,PROVED,180,7,0,0,0,0
FOLIO026+1.p,FOLIO,Improved,Theorem,Proved,0,PROVED,33,7,14,4,0,0
FOLIO026+1.p,FOLIO,Resolution,Theorem,Proved,0,PROVED,6,0,0,0,8,2
FOLIO027+1.p,FOLIO,Baseline,Theorem,Proved,0,PROVED,180,7,0,0,0,0
FOLIO027+1.p,FOLIO,Improved,Theorem,Proved,0,PROVED,33,7,14,4,0,0
FOLIO027+1.p,FOLIO,Resolution,Theorem,Proved,0,PROVED,6,0,0,0,8,2
FOLIO028+1.p,FOLIO,Baseline,Theorem,Proved,0,PROVED,180,7,0,0,0,0
FOLIO028+1.p,FOLIO,Improved,Theorem,Proved,0,PROVED,33,7,14,4,0,0
FOLIO028+1.p,FOLIO,Resolution,Theorem,Proved,0,PROVED,6,0,0,0,8,2
FOLIO029+1.p,FOLIO,Baseline,Theorem,Proved,0,PROVED,180,7,0,0,0,0
FOLIO029+1.p,FOLIO,Improved,Theorem,Proved,0,PROVED,33,7,14,4,0,0
FOLIO029+1.p,FOLIO,Resolution,Theorem,Proved,0,PROVED,6,0,0,0,8,2
FOLIO030+1.p,FOLIO,Baseline,Theorem,Proved,0,PROVED,180,7,0,0,0,0
FOLIO030+1.p,FOLIO,Improved,Theorem,Proved,0,PROVED,33,7,14,4,0,0
FOLIO030+1.p,FOLIO,Resolution,Theorem,Proved,0,PROVED,6,0,0,0,8,2
FOLIO031+1.p,FOLIO,Baseline,Theorem,Proved,0,PROVED,45,7,0,0,0,0
FOLIO031+1.p,FOLIO,Improved,Theorem,Proved,0,PROVED,33,7,14,4,0,0
FOLIO031+1.p,FOLIO,Resolution,Theorem,Proved,0,PROVED,6,0,0,0,8,2
FOLIO032+1.p,FOLIO,Baseline,Theorem,Proved,0,PROVED,250,9,0,0,0,0
FOLIO032+1.p,FOLIO,Improved,Theorem,Proved,0,PROVED,39,9,14,4,0,0
FOLIO032+1.p,FOLIO,Resolution,Theorem,Proved,0,PROVED,6,0,0,0,8,2
FOLIO033+1.p,FOLIO,Baseline,Theorem,Proved,0,PROVED,45,7,0,0,0,0
FOLIO033+1.p,FOLIO,Improved,Theorem,Proved,0,PROVED,33,7,14,4,0,0
FOLIO033+1.p,FOLIO,Resolution,Theorem,Proved,0,PROVED,6,0,0,0,8,2
FOLIO034+1.p,FOLIO,Baseline,Theorem,Proved,0,PROVED,250,9,0,0,0,0
FOLIO034+1.p,FOLIO,Improved,Theorem,Proved,0,PROVED,39,9,14,4,0,0
FOLIO034+1.p,FOLIO,Resolution,Theorem,Proved,0,PROVED,6,0,0,0,8,2
FOLIO035+1.p,FOLIO,Baseline,Theorem,Proved,0,PROVED,45,7,0,0,0,0
FOLIO035+1.p,FOLIO,Improved,Theorem,Proved,0,PROVED,33,7,14,4,0,0
FOLIO035+1.p,FOLIO,Resolution,Theorem,Proved,0,PROVED,6,0,0,0,8,2
FOLIO036+1.p,FOLIO,Baseline,Theorem,Proved,0,PROVED,250,9,0,0,0,0
FOLIO036+1.p,FOLIO,Improved,Theorem,Proved,0,PROVED,39,9,14,4,0,0
FOLIO036+1.p,FOLIO,Resolution,Theorem,Proved,0,PROVED,6,0,0,0,8,2
FOLIO037+1.p,FOLIO,Baseline,Theorem,Proved,0,PROVED,45,7,0,0,0,0
FOLIO037+1.p,FOLIO,Improved,Theorem,Proved,0,PROVED,33,7,14,4,0,0
FOLIO037+1.p,FOLIO,Resolution,Theorem,Proved,0,PROVED,6,0,0,0,8,2
FOLIO038+1.p,FOLIO,Baseline,Theorem,Proved,0,PROVED,250,9,0,0,0,0
FOLIO038+1.p,FOLIO,Improved,Theorem,Proved,0,PROVED,39,9,14,4,0,0
FOLIO038+1.p,FOLIO,Resolution,Theorem,Proved,0,PROVED,6,0,0,0,8,2
FOLIO039+1.p,FOLIO,Baseline,Theorem,Proved,0,PROVED,45,7,0,0,0,0
FOLIO039+1.p,FOLIO,Improved,Theorem,Proved,0,PROVED,33,7,14,4,0,0
FOLIO039+1.p,FOLIO,Resolution,Theorem,Proved,0,PROVED,6,0,0,0,8,2
FOLIO040+1.p,FOLIO,Baseline,Theorem,Proved,0,PROVED,250,9,0,0,0,0
FOLIO040+1.p,FOLIO,Improved,Theorem,Proved,0,PROVED,39,9,14,4,0,0
FOLIO040+1.p,FOLIO,Resolution,Theorem,Proved,0,PROVED,6,0,0,0,8,2
FOLIO041+1.p,FOLIO,Baseline,Theorem,Proved,0,PROVED,45,7,0,0,0,0
FOLIO041+1.p,FOLIO,Improved,Theorem,Proved,0,PROVED,33,7,14,4,0,0
FOLIO041+1.p,FOLIO,Resolution,Theorem,Proved,0,PROVED,6,0,0,0,8,2
FOLIO042+1.p,FOLIO,Baseline,Theorem,Proved,0,PROVED,250,9,0,0,0,0
FOLIO042+1.p,FOLIO,Improved,Theorem,Proved,0,PROVED,39,9,14,4,0,0
FOLIO042+1.p,FOLIO,Resolution,Theorem,Proved,0,PROVED,6,0,0,0,8,2
FOLIO043+1.p,FOLIO,Baseline,Theorem,Proved,0,PROVED,45,7,0,0,0,0
FOLIO043+1.p,FOLIO,Improved,Theorem,Proved,0,PROVED,33,7,14,4,0,0
FOLIO043+1.p,FOLIO,Resolution,Theorem,Proved,0,PROVED,6,0,0,0,8,2
FOLIO044+1.p,FOLIO,Baseline,Theorem,Proved,0,PROVED,250,9,0,0,0,0
FOLIO044+1.p,FOLIO,Improved,Theorem,Proved,0,PROVED,39,9,14,4,0,0
FOLIO044+1.p,FOLIO,Resolution,Theorem,Proved,0,PROVED,6,0,0,0,8,2
FOLIO045+1.p,FOLIO,Baseline,Theorem,Proved,0,PROVED,45,7,0,0,0,0
FOLIO045+1.p,FOLIO,Improved,Theorem,Proved,0,PROVED,33,7,14,4,0,0
FOLIO045+1.p,FOLIO,Resolution,Theorem,Proved,0,PROVED,6,0,0,0,8,2
FOLIO046+1.p,FOLIO,Baseline,Theorem,Proved,0,PROVED,250,9,0,0,0,0
FOLIO046+1.p,FOLIO,Improved,Theorem,Proved,0,PROVED,39,9,14,4,0,0
FOLIO046+1.p,FOLIO,Resolution,Theorem,Proved,0,PROVED,6,0,0,0,8,2
FOLIO047+1.p,FOLIO,Baseline,Theorem,Proved,0,PROVED,73,10,0,0,0,0
FOLIO047+1.p,FOLIO,Improved,Theorem,Proved,0,PROVED,25,10,3,4,0,0
FOLIO047+1.p,FOLIO,Resolution,Theorem,Proved,0,PROVED,10,0,0,0,17,4
FOLIO048+1.p,FOLIO,Baseline,CounterSatisfiable,NotProved,0,NOT_PROVED,1046,20,0,0,0,0
FOLIO048+1.p,FOLIO,Improved,CounterSatisfiable,NotProved,0.031,NOT_PROVED,6596,34,745,2132,0,0
FOLIO048+1.p,FOLIO,Resolution,CounterSatisfiable,NotProved,0,NOT_PROVED,7,0,0,0,10,3
FOLIO049+1.p,FOLIO,Baseline,Theorem,Proved,0,PROVED,40,7,0,0,0,0
FOLIO049+1.p,FOLIO,Improved,Theorem,Proved,0,PROVED,34,7,15,3,0,0
FOLIO049+1.p,FOLIO,Resolution,Theorem,Proved,0,PROVED,5,0,0,0,7,1
FOLIO050+1.p,FOLIO,Baseline,Theorem,Proved,0,PROVED,65,8,0,0,0,0
FOLIO050+1.p,FOLIO,Improved,Theorem,Proved,0,PROVED,58,9,33,6,0,0
FOLIO050+1.p,FOLIO,Resolution,Theorem,Proved,0,PROVED,10,0,0,0,14,5
FOLIO051+1.p,FOLIO,Baseline,Theorem,Proved,0,PROVED,65,8,0,0,0,0
FOLIO051+1.p,FOLIO,Improved,Theorem,Proved,0,PROVED,58,9,33,6,0,0
FOLIO051+1.p,FOLIO,Resolution,Theorem,Proved,0,PROVED,10,0,0,0,14,5
FOLIO052+1.p,FOLIO,Baseline,Theorem,Proved,0,PROVED,65,8,0,0,0,0
FOLIO052+1.p,FOLIO,Improved,Theorem,Proved,0,PROVED,58,9,33,6,0,0
FOLIO052+1.p,FOLIO,Resolution,Theorem,Proved,0,PROVED,10,0,0,0,14,5
FOLIO053+1.p,FOLIO,Baseline,Theorem,Proved,0,PROVED,65,8,0,0,0,0
FOLIO053+1.p,FOLIO,Improved,Theorem,Proved,0,PROVED,58,9,33,6,0,0
FOLIO053+1.p,FOLIO,Resolution,Theorem,Proved,0,PROVED,10,0,0,0,14,5
FOLIO054+1.p,FOLIO,Baseline,Theorem,Proved,0,PROVED,65,8,0,0,0,0
FOLIO054+1.p,FOLIO,Improved,Theorem,Proved,0,PROVED,58,9,33,6,0,0
FOLIO054+1.p,FOLIO,Resolution,Theorem,Proved,0,PROVED,10,0,0,0,14,5
FOLIO055+1.p,FOLIO,Baseline,Theorem,Proved,0,PROVED,113,9,0,0,0,0
FOLIO055+1.p,FOLIO,Improved,Theorem,Proved,0,PROVED,26,9,8,3,0,0
FOLIO055+1.p,FOLIO,Resolution,Theorem,Proved,0,PROVED,6,0,0,0,11,2
FOLIO056+1.p,FOLIO,Baseline,Theorem,Proved,0,PROVED,67,8,0,0,0,0
FOLIO056+1.p,FOLIO,Improved,Theorem,Proved,0,PROVED,30,8,11,5,0,0
FOLIO056+1.p,FOLIO,Resolution,Theorem,Proved,0,PROVED,7,0,0,0,9,3
FOLIO057+1.p,FOLIO,Baseline,Theorem,Proved,0.001,PROVED,1691,9,0,0,0,0
FOLIO057+1.p,FOLIO,Improved,Theorem,Proved,0,PROVED,196,11,129,24,0,0
FOLIO057+1.p,FOLIO,Resolution,Theorem,Proved,0,PROVED,6,0,0,0,8,2
FOLIO058+1.p,FOLIO,Baseline,Theorem,Proved,0.001,PROVED,1691,9,0,0,0,0
FOLIO058+1.p,FOLIO,Improved,Theorem,Proved,0,PROVED,196,11,129,24,0,0
FOLIO058+1.p,FOLIO,Resolution,Theorem,Proved,0,PROVED,6,0,0,0,8,2
FOLIO059+1.p,FOLIO,Baseline,Theorem,Proved,0.001,PROVED,1691,9,0,0,0,0
FOLIO059+1.p,FOLIO,Improved,Theorem,Proved,0,PROVED,293,11,190,42,0,0
FOLIO059+1.p,FOLIO,Resolution,Theorem,Proved,0,PROVED,6,0,0,0,8,2
FOLIO060+1.p,FOLIO,Baseline,Theorem,Proved,0.001,PROVED,1691,9,0,0,0,0
FOLIO060+1.p,FOLIO,Improved,Theorem,Proved,0,PROVED,293,11,190,42,0,0
FOLIO060+1.p,FOLIO,Resolution,Theorem,Proved,0,PROVED,6,0,0,0,8,2
FOLIO061+1.p,FOLIO,Baseline,Theorem,Proved,0.001,PROVED,1691,9,0,0,0,0
FOLIO061+1.p,FOLIO,Improved,Theorem,Proved,0,PROVED,293,11,190,42,0,0
FOLIO061+1.p,FOLIO,Resolution,Theorem,Proved,0,PROVED,6,0,0,0,8,2
FOLIO062+1.p,FOLIO,Baseline,Theorem,Proved,0,PROVED,15,4,0,0,0,0
FOLIO062+1.p,FOLIO,Improved,Theorem,Proved,0,PROVED,10,4,2,2,0,0
FOLIO062+1.p,FOLIO,Resolution,Theorem,Proved,0,PROVED,4,0,0,0,6,1
FOLIO063+1.p,FOLIO,Baseline,Theorem,Proved,0,PROVED,15,4,0,0,0,0
FOLIO063+1.p,FOLIO,Improved,Theorem,Proved,0,PROVED,10,4,2,2,0,0
FOLIO063+1.p,FOLIO,Resolution,Theorem,Proved,0,PROVED,4,0,0,0,6,1
FOLIO064+1.p,FOLIO,Baseline,Theorem,Proved,0,PROVED,15,4,0,0,0,0
FOLIO064+1.p,FOLIO,Improved,Theorem,Proved,0,PROVED,10,4,2,2,0,0
FOLIO064+1.p,FOLIO,Resolution,Theorem,Proved,0,PROVED,4,0,0,0,6,1
FOLIO065+1.p,FOLIO,Baseline,Theorem,Proved,0,PROVED,15,4,0,0,0,0
FOLIO065+1.p,FOLIO,Improved,Theorem,Proved,0,PROVED,10,4,2,2,0,0
FOLIO065+1.p,FOLIO,Resolution,Theorem,Proved,0,PROVED,4,0,0,0,6,1
FOLIO066+1.p,FOLIO,Baseline,Theorem,Proved,0,PROVED,15,4,0,0,0,0
FOLIO066+1.p,FOLIO,Improved,Theorem,Proved,0,PROVED,10,4,2,2,0,0
FOLIO066+1.p,FOLIO,Resolution,Theorem,Proved,0,PROVED,4,0,0,0,6,1
FOLIO067+1.p,FOLIO,Baseline,Theorem,Proved,0,PROVED,15,4,0,0,0,0
FOLIO067+1.p,FOLIO,Improved,Theorem,Proved,0,PROVED,10,4,2,2,0,0
FOLIO067+1.p,FOLIO,Resolution,Theorem,Proved,0,PROVED,4,0,0,0,6,1
FOLIO068+1.p,FOLIO,Baseline,Theorem,Proved,0,PROVED,15,4,0,0,0,0
FOLIO068+1.p,FOLIO,Improved,Theorem,Proved,0,PROVED,10,4,2,2,0,0
FOLIO068+1.p,FOLIO,Resolution,Theorem,Proved,0,PROVED,4,0,0,0,6,1
FOLIO069+1.p,FOLIO,Baseline,Theorem,Proved,0,PROVED,15,4,0,0,0,0
FOLIO069+1.p,FOLIO,Improved,Theorem,Proved,0,PROVED,10,4,2,2,0,0
FOLIO069+1.p,FOLIO,Resolution,Theorem,Proved,0,PROVED,4,0,0,0,6,1
FOLIO070+1.p,FOLIO,Baseline,Theorem,Proved,0,PROVED,15,4,0,0,0,0
FOLIO070+1.p,FOLIO,Improved,Theorem,Proved,0,PROVED,10,4,2,2,0,0
FOLIO070+1.p,FOLIO,Resolution,Theorem,Proved,0,PROVED,4,0,0,0,6,1
FOLIO071+1.p,FOLIO,Baseline,Theorem,Proved,0,PROVED,15,4,0,0,0,0
FOLIO071+1.p,FOLIO,Improved,Theorem,Proved,0,PROVED,10,4,2,2,0,0
FOLIO071+1.p,FOLIO,Resolution,Theorem,Proved,0,PROVED,4,0,0,0,6,1
FOLIO072+1.p,FOLIO,Baseline,Theorem,Proved,0,PROVED,15,4,0,0,0,0
FOLIO072+1.p,FOLIO,Improved,Theorem,Proved,0,PROVED,10,4,2,2,0,0
FOLIO072+1.p,FOLIO,Resolution,Theorem,Proved,0,PROVED,4,0,0,0,6,1
FOLIO073+1.p,FOLIO,Baseline,Theorem,Proved,0,PROVED,15,4,0,0,0,0
FOLIO073+1.p,FOLIO,Improved,Theorem,Proved,0,PROVED,10,4,2,2,0,0
FOLIO073+1.p,FOLIO,Resolution,Theorem,Proved,0,PROVED,4,0,0,0,6,1
FOLIO074+1.p,FOLIO,Baseline,Theorem,Proved,0,PROVED,15,4,0,0,0,0
FOLIO074+1.p,FOLIO,Improved,Theorem,Proved,0,PROVED,10,4,2,2,0,0
FOLIO074+1.p,FOLIO,Resolution,Theorem,Proved,0,PROVED,4,0,0,0,6,1
FOLIO075+1.p,FOLIO,Baseline,Theorem,Proved,0,PROVED,15,4,0,0,0,0
FOLIO075+1.p,FOLIO,Improved,Theorem,Proved,0,PROVED,10,4,2,2,0,0
FOLIO075+1.p,FOLIO,Resolution,Theorem,Proved,0,PROVED,4,0,0,0,6,1
FOLIO076+1.p,FOLIO,Baseline,Theorem,Proved,0,PROVED,15,4,0,0,0,0
FOLIO076+1.p,FOLIO,Improved,Theorem,Proved,0,PROVED,10,4,2,2,0,0
FOLIO076+1.p,FOLIO,Resolution,Theorem,Proved,0,PROVED,4,0,0,0,6,1
FOLIO077+1.p,FOLIO,Baseline,Theorem,Proved,0,PROVED,15,4,0,0,0,0
FOLIO077+1.p,FOLIO,Improved,Theorem,Proved,0,PROVED,10,4,2,2,0,0
FOLIO077+1.p,FOLIO,Resolution,Theorem,Proved,0,PROVED,4,0,0,0,6,1
FOLIO078+1.p,FOLIO,Baseline,Theorem,Proved,0,PROVED,15,4,0,0,0,0
FOLIO078+1.p,FOLIO,Improved,Theorem,Proved,0,PROVED,10,4,2,2,0,0
FOLIO078+1.p,FOLIO,Resolution,Theorem,Proved,0,PROVED,4,0,0,0,6,1
FOLIO079+1.p,FOLIO,Baseline,Theorem,Proved,0,PROVED,15,4,0,0,0,0
FOLIO079+1.p,FOLIO,Improved,Theorem,Proved,0,PROVED,10,4,2,2,0,0
FOLIO079+1.p,FOLIO,Resolution,Theorem,Proved,0,PROVED,4,0,0,0,6,1
FOLIO080+1.p,FOLIO,Baseline,Theorem,Proved,0,PROVED,15,4,0,0,0,0
FOLIO080+1.p,FOLIO,Improved,Theorem,Proved,0,PROVED,10,4,2,2,0,0
FOLIO080+1.p,FOLIO,Resolution,Theorem,Proved,0,PROVED,4,0,0,0,6,1
FOLIO081+1.p,FOLIO,Baseline,Theorem,Proved,0,PROVED,15,4,0,0,0,0
FOLIO081+1.p,FOLIO,Improved,Theorem,Proved,0,PROVED,10,4,2,2,0,0
FOLIO081+1.p,FOLIO,Resolution,Theorem,Proved,0,PROVED,4,0,0,0,6,1
FOLIO082+1.p,FOLIO,Baseline,Theorem,Proved,0,PROVED,15,4,0,0,0,0
FOLIO082+1.p,FOLIO,Improved,Theorem,Proved,0,PROVED,10,4,2,2,0,0
FOLIO082+1.p,FOLIO,Resolution,Theorem,Proved,0,PROVED,4,0,0,0,6,1
FOLIO083+1.p,FOLIO,Baseline,Theorem,Proved,0,PROVED,15,4,0,0,0,0
FOLIO083+1.p,FOLIO,Improved,Theorem,Proved,0,PROVED,10,4,2,2,0,0
FOLIO083+1.p,FOLIO,Resolution,Theorem,Proved,0,PROVED,4,0,0,0,6,1
FOLIO084+1.p,FOLIO,Baseline,Theorem,Proved,0,PROVED,15,4,0,0,0,0
FOLIO084+1.p,FOLIO,Improved,Theorem,Proved,0,PROVED,10,4,2,2,0,0
FOLIO084+1.p,FOLIO,Resolution,Theorem,Proved,0,PROVED,4,0,0,0,6,1
FOLIO085+1.p,FOLIO,Baseline,Theorem,Proved,0,PROVED,15,4,0,0,0,0
FOLIO085+1.p,FOLIO,Improved,Theorem,Proved,0,PROVED,10,4,2,2,0,0
FOLIO085+1.p,FOLIO,Resolution,Theorem,Proved,0,PROVED,4,0,0,0,6,1
FOLIO086+1.p,FOLIO,Baseline,Theorem,Proved,0,PROVED,15,4,0,0,0,0
FOLIO086+1.p,FOLIO,Improved,Theorem,Proved,0,PROVED,10,4,2,2,0,0
FOLIO086+1.p,FOLIO,Resolution,Theorem,Proved,0,PROVED,4,0,0,0,6,1
FOLIO087+1.p,FOLIO,Baseline,Theorem,Proved,0,PROVED,15,4,0,0,0,0
FOLIO087+1.p,FOLIO,Improved,Theorem,Proved,0,PROVED,10,4,2,2,0,0
FOLIO087+1.p,FOLIO,Resolution,Theorem,Proved,0,PROVED,4,0,0,0,6,1
FOLIO088+1.p,FOLIO,Baseline,Theorem,Proved,0,PROVED,15,4,0,0,0,0
FOLIO088+1.p,FOLIO,Improved,Theorem,Proved,0,PROVED,10,4,2,2,0,0
FOLIO088+1.p,FOLIO,Resolution,Theorem,Proved,0,PROVED,4,0,0,0,6,1
FOLIO089+1.p,FOLIO,Baseline,Theorem,Proved,0,PROVED,15,4,0,0,0,0
FOLIO089+1.p,FOLIO,Improved,Theorem,Proved,0,PROVED,10,4,2,2,0,0
FOLIO089+1.p,FOLIO,Resolution,Theorem,Proved,0,PROVED,4,0,0,0,6,1
FOLIO090+1.p,FOLIO,Baseline,Theorem,Proved,0,PROVED,15,4,0,0,0,0
FOLIO090+1.p,FOLIO,Improved,Theorem,Proved,0,PROVED,10,4,2,2,0,0
FOLIO090+1.p,FOLIO,Resolution,Theorem,Proved,0,PROVED,4,0,0,0,6,1
FOLIO091+1.p,FOLIO,Baseline,Theorem,Proved,0,PROVED,15,4,0,0,0,0
FOLIO091+1.p,FOLIO,Improved,Theorem,Proved,0,PROVED,10,4,2,2,0,0
FOLIO091+1.p,FOLIO,Resolution,Theorem,Proved,0,PROVED,4,0,0,0,6,1
FOLIO092+1.p,FOLIO,Baseline,Theorem,Proved,0,PROVED,15,4,0,0,0,0
FOLIO092+1.p,FOLIO,Improved,Theorem,Proved,0,PROVED,10,4,2,2,0,0
FOLIO092+1.p,FOLIO,Resolution,Theorem,Proved,0,PROVED,4,0,0,0,6,1
FOLIO093+1.p,FOLIO,Baseline,Theorem,Proved,0,PROVED,15,4,0,0,0,0
FOLIO093+1.p,FOLIO,Improved,Theorem,Proved,0,PROVED,10,4,2,2,0,0
FOLIO093+1.p,FOLIO,Resolution,Theorem,Proved,0,PROVED,4,0,0,0,6,1
FOLIO094+1.p,FOLIO,Baseline,Theorem,Proved,0,PROVED,77,8,0,0,0,0
FOLIO094+1.p,FOLIO,Improved,Theorem,Proved,0,PROVED,144,10,88,14,0,0
FOLIO094+1.p,FOLIO,Resolution,Theorem,Proved,0,PROVED,8,0,0,0,10,3
FOLIO095+1.p,FOLIO,Baseline,Theorem,Proved,0,PROVED,221,11,0,0,0,0
FOLIO095+1.p,FOLIO,Improved,Theorem,Proved,0.001,PROVED,689,13,473,63,0,0
FOLIO095+1.p,FOLIO,Resolution,Theorem,Proved,0,PROVED,10,0,0,0,12,4
FOLIO096+1.p,FOLIO,Baseline,Theorem,Proved,0,PROVED,388,12,0,0,0,0
FOLIO096+1.p,FOLIO,Improved,Theorem,Proved,0.005,PROVED,3042,16,2176,260,0,0
FOLIO096+1.p,FOLIO,Resolution,Theorem,Proved,0,PROVED,12,0,0,0,14,5
FOLIO097+1.p,FOLIO,Baseline,Theorem,Proved,0,PROVED,645,13,0,0,0,0
FOLIO097+1.p,FOLIO,Improved,Theorem,Proved,0.023,PROVED,12878,19,9388,967,0,0
FOLIO097+1.p,FOLIO,Resolution,Theorem,Proved,0,PROVED,14,0,0,0,16,6
FOLIO098+1.p,FOLIO,Baseline,Theorem,Proved,0.001,PROVED,1022,14,0,0,0,0
FOLIO098+1.p,FOLIO,Improved,Theorem,Proved,0.12,PROVED,54524,22,39905,3519,0,0
FOLIO098+1.p,FOLIO,Resolution,Theorem,Proved,0,PROVED,16,0,0,0,18,7
FOLIO099+1.p,FOLIO,Baseline,Theorem,Proved,0.003,PROVED,4997,17,0,0,0,0
FOLIO099+1.p,FOLIO,Improved,Theorem,Proved,0.67,PROVED,259992,25,191708,13097,0,0
FOLIO099+1.p,FOLIO,Resolution,Theorem,Proved,0,PROVED,18,0,0,0,20,8
FOLIO201+1.p,FOLIO,Baseline,Theorem,Proved,0,PROVED,69,10,0,0,0,0
FOLIO201+1.p,FOLIO,Improved,Theorem,Proved,0,PROVED,22,10,2,5,0,0
FOLIO201+1.p,FOLIO,Resolution,Theorem,Proved,0,PROVED,10,0,0,0,21,4
FOLIO202+1.p,FOLIO,Baseline,CounterSatisfiable,NotProved,0,NOT_PROVED,878,20,0,0,0,0
FOLIO202+1.p,FOLIO,Improved,CounterSatisfiable,NotProved,0.036,NOT_PROVED,6110,55,1215,0,0,0
FOLIO202+1.p,FOLIO,Resolution,CounterSatisfiable,NotProved,0,NOT_PROVED,9,0,0,0,15,4
FOLIO203+1.p,FOLIO,Baseline,CounterSatisfiable,NotProved,0.001,NOT_PROVED,926,20,0,0,0,0
FOLIO203+1.p,FOLIO,Improved,CounterSatisfiable,NotProved,0.036,NOT_PROVED,7955,55,1215,1845,0,0
FOLIO203+1.p,FOLIO,Resolution,CounterSatisfiable,NotProved,0,NOT_PROVED,9,0,0,0,15,4
FOLIO204+1.p,FOLIO,Baseline,CounterSatisfiable,NotProved,0,NOT_PROVED,1022,20,0,0,0,0
FOLIO204+1.p,FOLIO,Improved,CounterSatisfiable,NotProved,0.037,NOT_PROVED,7823,45,752,2866,0,0
FOLIO204+1.p,FOLIO,Resolution,CounterSatisfiable,NotProved,0,NOT_PROVED,9,0,0,0,15,4
FOLIO205+1.p,FOLIO,Baseline,CounterSatisfiable,NotProved,0,NOT_PROVED,1118,20,0,0,0,0
FOLIO205+1.p,FOLIO,Improved,CounterSatisfiable,NotProved,0.04,NOT_PROVED,7219,36,596,2656,0,0
FOLIO205+1.p,FOLIO,Resolution,CounterSatisfiable,NotProved,0,NOT_PROVED,9,0,0,0,15,4
FOLIO206+1.p,FOLIO,Baseline,Theorem,Proved,0,PROVED,69,10,0,0,0,0
FOLIO206+1.p,FOLIO,Improved,Theorem,Proved,0,PROVED,22,10,2,5,0,0
FOLIO206+1.p,FOLIO,Resolution,Theorem,Proved,0,PROVED,10,0,0,0,21,4
FOLIO207+1.p,FOLIO,Baseline,CounterSatisfiable,NotProved,0,NOT_PROVED,878,20,0,0,0,0
FOLIO207+1.p,FOLIO,Improved,CounterSatisfiable,NotProved,0.034,NOT_PROVED,6110,55,1215,0,0,0
FOLIO207+1.p,FOLIO,Resolution,CounterSatisfiable,NotProved,0,NOT_PROVED,9,0,0,0,15,4
FOLIO208+1.p,FOLIO,Baseline,CounterSatisfiable,NotProved,0,NOT_PROVED,926,20,0,0,0,0
FOLIO208+1.p,FOLIO,Improved,CounterSatisfiable,NotProved,0.036,NOT_PROVED,7955,55,1215,1845,0,0
FOLIO208+1.p,FOLIO,Resolution,CounterSatisfiable,NotProved,0,NOT_PROVED,9,0,0,0,15,4
FOLIO209+1.p,FOLIO,Baseline,CounterSatisfiable,NotProved,0,NOT_PROVED,1022,20,0,0,0,0
FOLIO209+1.p,FOLIO,Improved,CounterSatisfiable,NotProved,0.036,NOT_PROVED,7395,45,788,2598,0,0
FOLIO209+1.p,FOLIO,Resolution,CounterSatisfiable,NotProved,0,NOT_PROVED,9,0,0,0,15,4
FOLIO210+1.p,FOLIO,Baseline,CounterSatisfiable,NotProved,0.001,NOT_PROVED,1118,20,0,0,0,0
FOLIO210+1.p,FOLIO,Improved,CounterSatisfiable,NotProved,0.042,NOT_PROVED,6705,36,560,2478,0,0
FOLIO210+1.p,FOLIO,Resolution,CounterSatisfiable,NotProved,0,NOT_PROVED,9,0,0,0,15,4
FOLIO211+1.p,FOLIO,Baseline,Theorem,Proved,0,PROVED,69,10,0,0,0,0
FOLIO211+1.p,FOLIO,Improved,Theorem,Proved,0,PROVED,22,10,2,5,0,0
FOLIO211+1.p,FOLIO,Resolution,Theorem,Proved,0,PROVED,10,0,0,0,21,4
FOLIO212+1.p,FOLIO,Baseline,CounterSatisfiable,NotProved,0,NOT_PROVED,878,20,0,0,0,0
FOLIO212+1.p,FOLIO,Improved,CounterSatisfiable,NotProved,0.033,NOT_PROVED,6110,55,1215,0,0,0
FOLIO212+1.p,FOLIO,Resolution,CounterSatisfiable,NotProved,0,NOT_PROVED,9,0,0,0,15,4
FOLIO213+1.p,FOLIO,Baseline,CounterSatisfiable,NotProved,0,NOT_PROVED,926,20,0,0,0,0
FOLIO213+1.p,FOLIO,Improved,CounterSatisfiable,NotProved,0.036,NOT_PROVED,7411,55,1215,1301,0,0
FOLIO213+1.p,FOLIO,Resolution,CounterSatisfiable,NotProved,0,NOT_PROVED,9,0,0,0,15,4
FOLIO214+1.p,FOLIO,Baseline,CounterSatisfiable,NotProved,0.001,NOT_PROVED,1022,20,0,0,0,0
FOLIO214+1.p,FOLIO,Improved,CounterSatisfiable,NotProved,0.038,NOT_PROVED,7823,45,752,2866,0,0
FOLIO214+1.p,FOLIO,Resolution,CounterSatisfiable,NotProved,0,NOT_PROVED,9,0,0,0,15,4
FOLIO215+1.p,FOLIO,Baseline,CounterSatisfiable,NotProved,0,NOT_PROVED,1118,20,0,0,0,0
FOLIO215+1.p,FOLIO,Improved,CounterSatisfiable,NotProved,0.039,NOT_PROVED,6903,36,592,2284,0,0
FOLIO215+1.p,FOLIO,Resolution,CounterSatisfiable,NotProved,0,NOT_PROVED,9,0,0,0,15,4
FOLIO216+1.p,FOLIO,Baseline,Theorem,Proved,0,PROVED,69,10,0,0,0,0
FOLIO216+1.p,FOLIO,Improved,Theorem,Proved,0,PROVED,22,10,2,5,0,0
FOLIO216+1.p,FOLIO,Resolution,Theorem,Proved,0,PROVED,10,0,0,0,21,4
FOLIO217+1.p,FOLIO,Baseline,CounterSatisfiable,NotProved,0,NOT_PROVED,878,20,0,0,0,0
FOLIO217+1.p,FOLIO,Improved,CounterSatisfiable,NotProved,0.035,NOT_PROVED,6110,55,1215,0,0,0
FOLIO217+1.p,FOLIO,Resolution,CounterSatisfiable,NotProved,0,NOT_PROVED,9,0,0,0,15,4
FOLIO218+1.p,FOLIO,Baseline,CounterSatisfiable,NotProved,0,NOT_PROVED,926,20,0,0,0,0
FOLIO218+1.p,FOLIO,Improved,CounterSatisfiable,NotProved,0.036,NOT_PROVED,7411,55,1215,1301,0,0
FOLIO218+1.p,FOLIO,Resolution,CounterSatisfiable,NotProved,0,NOT_PROVED,9,0,0,0,15,4
FOLIO219+1.p,FOLIO,Baseline,CounterSatisfiable,NotProved,0,NOT_PROVED,1022,20,0,0,0,0
FOLIO219+1.p,FOLIO,Improved,CounterSatisfiable,NotProved,0.038,NOT_PROVED,7823,45,752,2866,0,0
FOLIO219+1.p,FOLIO,Resolution,CounterSatisfiable,NotProved,0,NOT_PROVED,9,0,0,0,15,4
FOLIO220+1.p,FOLIO,Baseline,CounterSatisfiable,NotProved,0.001,NOT_PROVED,1118,20,0,0,0,0
FOLIO220+1.p,FOLIO,Improved,CounterSatisfiable,NotProved,0.038,NOT_PROVED,6705,36,560,2478,0,0
FOLIO220+1.p,FOLIO,Resolution,CounterSatisfiable,NotProved,0,NOT_PROVED,9,0,0,0,15,4
FOLIO221+1.p,FOLIO,Baseline,Theorem,Proved,0,PROVED,69,10,0,0,0,0
FOLIO221+1.p,FOLIO,Improved,Theorem,Proved,0,PROVED,22,10,2,5,0,0
FOLIO221+1.p,FOLIO,Resolution,Theorem,Proved,0,PROVED,10,0,0,0,21,4
FOLIO222+1.p,FOLIO,Baseline,CounterSatisfiable,NotProved,0,NOT_PROVED,878,20,0,0,0,0
FOLIO222+1.p,FOLIO,Improved,CounterSatisfiable,NotProved,0.034,NOT_PROVED,6110,55,1215,0,0,0
FOLIO222+1.p,FOLIO,Resolution,CounterSatisfiable,NotProved,0,NOT_PROVED,9,0,0,0,15,4
FOLIO223+1.p,FOLIO,Baseline,CounterSatisfiable,NotProved,0,NOT_PROVED,926,20,0,0,0,0
FOLIO223+1.p,FOLIO,Improved,CounterSatisfiable,NotProved,0.035,NOT_PROVED,7955,55,1215,1845,0,0
FOLIO223+1.p,FOLIO,Resolution,CounterSatisfiable,NotProved,0,NOT_PROVED,9,0,0,0,15,4
FOLIO224+1.p,FOLIO,Baseline,CounterSatisfiable,NotProved,0,NOT_PROVED,1022,20,0,0,0,0
FOLIO224+1.p,FOLIO,Improved,CounterSatisfiable,NotProved,0.035,NOT_PROVED,7395,45,788,2598,0,0
FOLIO224+1.p,FOLIO,Resolution,CounterSatisfiable,NotProved,0,NOT_PROVED,9,0,0,0,15,4
FOLIO225+1.p,FOLIO,Baseline,CounterSatisfiable,NotProved,0,NOT_PROVED,1118,20,0,0,0,0
FOLIO225+1.p,FOLIO,Improved,CounterSatisfiable,NotProved,0.038,NOT_PROVED,6705,36,560,2478,0,0
FOLIO225+1.p,FOLIO,Resolution,CounterSatisfiable,NotProved,0,NOT_PROVED,9,0,0,0,15,4
FOLIO226+1.p,FOLIO,Baseline,Theorem,Proved,0,PROVED,30,5,0,0,0,0
FOLIO226+1.p,FOLIO,Improved,Theorem,Proved,0,PROVED,17,5,6,2,0,0
FOLIO226+1.p,FOLIO,Resolution,Theorem,NotProved,0,NOT_PROVED,2,0,0,0,3,0
FOLIO227+1.p,FOLIO,Baseline,Theorem,Proved,0,PROVED,30,5,0,0,0,0
FOLIO227+1.p,FOLIO,Improved,Theorem,Proved,0,PROVED,17,5,6,2,0,0
FOLIO227+1.p,FOLIO,Resolution,Theorem,NotProved,0,NOT_PROVED,2,0,0,0,3,0
FOLIO228+1.p,FOLIO,Baseline,Theorem,Proved,0,PROVED,30,5,0,0,0,0
FOLIO228+1.p,FOLIO,Improved,Theorem,Proved,0,PROVED,17,5,6,2,0,0
FOLIO228+1.p,FOLIO,Resolution,Theorem,NotProved,0,NOT_PROVED,2,0,0,0,3,0
FOLIO229+1.p,FOLIO,Baseline,CounterSatisfiable,NotProved,0,NOT_PROVED,136,1,0,0,0,0
FOLIO229+1.p,FOLIO,Improved,CounterSatisfiable,NotProved,0,NOT_PROVED,22,1,0,0,0,0
FOLIO229+1.p,FOLIO,Resolution,CounterSatisfiable,NotProved,0,NOT_PROVED,2,0,0,0,2,0
FOLIO230+1.p,FOLIO,Baseline,CounterSatisfiable,NotProved,0,NOT_PROVED,136,1,0,0,0,0
FOLIO230+1.p,FOLIO,Improved,CounterSatisfiable,NotProved,0,NOT_PROVED,22,1,0,0,0,0
FOLIO230+1.p,FOLIO,Resolution,CounterSatisfiable,NotProved,0,NOT_PROVED,2,0,0,0,2,0
FOLIO231+1.p,FOLIO,Baseline,CounterSatisfiable,NotProved,0,NOT_PROVED,136,1,0,0,0,0
FOLIO231+1.p,FOLIO,Improved,CounterSatisfiable,NotProved,0,NOT_PROVED,22,1,0,0,0,0
FOLIO231+1.p,FOLIO,Resolution,CounterSatisfiable,NotProved,0,NOT_PROVED,2,0,0,0,2,0
FOLIO232+1.p,FOLIO,Baseline,Theorem,Proved,0,PROVED,36,6,0,0,0,0
FOLIO232+1.p,FOLIO,Improved,Theorem,Proved,0,PROVED,21,6,5,5,0,0
FOLIO232+1.p,FOLIO,Resolution,Theorem,Proved,0,PROVED,7,0,0,0,9,2
FOLIO233+1.p,FOLIO,Baseline,Theorem,Proved,0,PROVED,68,8,0,0,0,0
FOLIO233+1.p,FOLIO,Improved,Theorem,Proved,0,PROVED,166,12,38,66,0,0
FOLIO233+1.p,FOLIO,Resolution,Theorem,Proved,0,PROVED,10,0,0,0,14,3
FOLIO234+1.p,FOLIO,Baseline,Theorem,Proved,0,PROVED,105,10,0,0,0,0
FOLIO234+1.p,FOLIO,Improved,Theorem,Proved,0,PROVED,230,14,52,86,0,0
FOLIO234+1.p,FOLIO,Resolution,Theorem,Proved,0,PROVED,13,0,0,0,20,4
FOLIO235+1.p,FOLIO,Baseline,Theorem,Proved,0,PROVED,158,12,0,0,0,0
FOLIO235+1.p,FOLIO,Improved,Theorem,Proved,0.002,PROVED,959,20,186,407,0,0
FOLIO235+1.p,FOLIO,Resolution,Theorem,Proved,0,PROVED,16,0,0,0,27,5
FOLIO236+1.p,FOLIO,Baseline,Theorem,Proved,0,PROVED,36,6,0,0,0,0
FOLIO236+1.p,FOLIO,Improved,Theorem,Proved,0,PROVED,21,6,5,5,0,0
FOLIO236+1.p,FOLIO,Resolution,Theorem,Proved,0,PROVED,7,0,0,0,9,2
FOLIO237+1.p,FOLIO,Baseline,Theorem,Proved,0,PROVED,68,8,0,0,0,0
FOLIO237+1.p,FOLIO,Improved,Theorem,Proved,0,PROVED,166,12,38,66,0,0
FOLIO237+1.p,FOLIO,Resolution,Theorem,Proved,0,PROVED,10,0,0,0,14,3
FOLIO238+1.p,FOLIO,Baseline,Theorem,Proved,0,PROVED,105,10,0,0,0,0
FOLIO238+1.p,FOLIO,Improved,Theorem,Proved,0,PROVED,230,14,52,86,0,0
FOLIO238+1.p,FOLIO,Resolution,Theorem,Proved,0,PROVED,13,0,0,0,20,4
FOLIO239+1.p,FOLIO,Baseline,Theorem,Proved,0,PROVED,158,12,0,0,0,0
FOLIO239+1.p,FOLIO,Improved,Theorem,Proved,0.002,PROVED,959,20,186,407,0,0
FOLIO239+1.p,FOLIO,Resolution,Theorem,Proved,0,PROVED,16,0,0,0,27,5
FOLIO240+1.p,FOLIO,Baseline,Theorem,Proved,0,PROVED,36,6,0,0,0,0
FOLIO240+1.p,FOLIO,Improved,Theorem,Proved,0,PROVED,21,6,5,5,0,0
FOLIO240+1.p,FOLIO,Resolution,Theorem,Proved,0,PROVED,7,0,0,0,9,2
FOLIO241+1.p,FOLIO,Baseline,Theorem,Proved,0,PROVED,68,8,0,0,0,0
FOLIO241+1.p,FOLIO,Improved,Theorem,Proved,0,PROVED,166,12,38,66,0,0
FOLIO241+1.p,FOLIO,Resolution,Theorem,Proved,0,PROVED,10,0,0,0,14,3
FOLIO242+1.p,FOLIO,Baseline,Theorem,Proved,0,PROVED,105,10,0,0,0,0
FOLIO242+1.p,FOLIO,Improved,Theorem,Proved,0,PROVED,230,14,52,86,0,0
FOLIO242+1.p,FOLIO,Resolution,Theorem,Proved,0,PROVED,13,0,0,0,20,4
FOLIO243+1.p,FOLIO,Baseline,Theorem,Proved,0,PROVED,158,12,0,0,0,0
FOLIO243+1.p,FOLIO,Improved,Theorem,Proved,0.002,PROVED,959,20,186,407,0,0
FOLIO243+1.p,FOLIO,Resolution,Theorem,Proved,0,PROVED,16,0,0,0,27,5
FOLIO244+1.p,FOLIO,Baseline,Theorem,Proved,0,PROVED,36,6,0,0,0,0
FOLIO244+1.p,FOLIO,Improved,Theorem,Proved,0,PROVED,21,6,5,5,0,0
FOLIO244+1.p,FOLIO,Resolution,Theorem,Proved,0,PROVED,7,0,0,0,9,2
FOLIO245+1.p,FOLIO,Baseline,Theorem,Proved,0,PROVED,68,8,0,0,0,0
FOLIO245+1.p,FOLIO,Improved,Theorem,Proved,0,PROVED,166,12,38,66,0,0
FOLIO245+1.p,FOLIO,Resolution,Theorem,Proved,0,PROVED,10,0,0,0,14,3
FOLIO246+1.p,FOLIO,Baseline,Theorem,Proved,0,PROVED,105,10,0,0,0,0
FOLIO246+1.p,FOLIO,Improved,Theorem,Proved,0,PROVED,230,14,52,86,0,0
FOLIO246+1.p,FOLIO,Resolution,Theorem,Proved,0,PROVED,13,0,0,0,20,4
FOLIO247+1.p,FOLIO,Baseline,Theorem,Proved,0,PROVED,158,12,0,0,0,0
FOLIO247+1.p,FOLIO,Improved,Theorem,Proved,0.002,PROVED,959,20,186,407,0,0
FOLIO247+1.p,FOLIO,Resolution,Theorem,Proved,0,PROVED,16,0,0,0,27,5
FOLIO248+1.p,FOLIO,Baseline,Theorem,Proved,0,PROVED,36,6,0,0,0,0
FOLIO248+1.p,FOLIO,Improved,Theorem,Proved,0,PROVED,21,6,5,5,0,0
FOLIO248+1.p,FOLIO,Resolution,Theorem,Proved,0,PROVED,7,0,0,0,9,2
FOLIO249+1.p,FOLIO,Baseline,Theorem,Proved,0,PROVED,68,8,0,0,0,0
FOLIO249+1.p,FOLIO,Improved,Theorem,Proved,0,PROVED,166,12,38,66,0,0
FOLIO249+1.p,FOLIO,Resolution,Theorem,Proved,0,PROVED,10,0,0,0,14,3
FOLIO250+1.p,FOLIO,Baseline,Theorem,Proved,0,PROVED,105,10,0,0,0,0
FOLIO250+1.p,FOLIO,Improved,Theorem,Proved,0,PROVED,230,14,52,86,0,0
FOLIO250+1.p,FOLIO,Resolution,Theorem,Proved,0,PROVED,13,0,0,0,20,4
FOLIO251+1.p,FOLIO,Baseline,Theorem,Proved,0,PROVED,158,12,0,0,0,0
FOLIO251+1.p,FOLIO,Improved,Theorem,Proved,0.002,PROVED,959,20,186,407,0,0
FOLIO251+1.p,FOLIO,Resolution,Theorem,Proved,0,PROVED,16,0,0,0,27,5
FOLIO252+1.p,FOLIO,Baseline,Theorem,Proved,0,PROVED,36,6,0,0,0,0
FOLIO252+1.p,FOLIO,Improved,Theorem,Proved,0,PROVED,21,6,5,5,0,0
FOLIO252+1.p,FOLIO,Resolution,Theorem,Proved,0,PROVED,7,0,0,0,9,2
FOLIO253+1.p,FOLIO,Baseline,Theorem,Proved,0,PROVED,68,8,0,0,0,0
FOLIO253+1.p,FOLIO,Improved,Theorem,Proved,0,PROVED,166,12,38,66,0,0
FOLIO253+1.p,FOLIO,Resolution,Theorem,Proved,0,PROVED,10,0,0,0,14,3
FOLIO254+1.p,FOLIO,Baseline,Theorem,Proved,0,PROVED,105,10,0,0,0,0
FOLIO254+1.p,FOLIO,Improved,Theorem,Proved,0,PROVED,230,14,52,86,0,0
FOLIO254+1.p,FOLIO,Resolution,Theorem,Proved,0,PROVED,13,0,0,0,20,4
FOLIO255+1.p,FOLIO,Baseline,Theorem,Proved,0,PROVED,158,12,0,0,0,0
FOLIO255+1.p,FOLIO,Improved,Theorem,Proved,0.002,PROVED,959,20,186,407,0,0
FOLIO255+1.p,FOLIO,Resolution,Theorem,Proved,0,PROVED,16,0,0,0,27,5
FOLIO256+1.p,FOLIO,Baseline,Theorem,Proved,0,PROVED,36,6,0,0,0,0
FOLIO256+1.p,FOLIO,Improved,Theorem,Proved,0,PROVED,15,6,3,2,0,0
FOLIO256+1.p,FOLIO,Resolution,Theorem,Proved,0,PROVED,4,0,0,0,7,1
FOLIO257+1.p,FOLIO,Baseline,Theorem,Proved,0,PROVED,36,6,0,0,0,0
FOLIO257+1.p,FOLIO,Improved,Theorem,Proved,0,PROVED,15,6,3,2,0,0
FOLIO257+1.p,FOLIO,Resolution,Theorem,Proved,0,PROVED,4,0,0,0,7,1
FOLIO258+1.p,FOLIO,Baseline,Theorem,Proved,0,PROVED,36,6,0,0,0,0
FOLIO258+1.p,FOLIO,Improved,Theorem,Proved,0,PROVED,15,6,3,2,0,0
FOLIO258+1.p,FOLIO,Resolution,Theorem,Proved,0,PROVED,4,0,0,0,7,1
FOLIO259+1.p,FOLIO,Baseline,Theorem,Proved,0,PROVED,36,6,0,0,0,0
FOLIO259+1.p,FOLIO,Improved,Theorem,Proved,0,PROVED,15,6,3,2,0,0
FOLIO259+1.p,FOLIO,Resolution,Theorem,Proved,0,PROVED,4,0,0,0,7,1
FOLIO260+1.p,FOLIO,Baseline,Theorem,Proved,0,PROVED,36,6,0,0,0,0
FOLIO260+1.p,FOLIO,Improved,Theorem,Proved,0,PROVED,15,6,3,2,0,0
FOLIO260+1.p,FOLIO,Resolution,Theorem,Proved,0,PROVED,4,0,0,0,7,1
FOLIO261+1.p,FOLIO,Baseline,Theorem,Proved,0,PROVED,36,6,0,0,0,0
FOLIO261+1.p,FOLIO,Improved,Theorem,Proved,0,PROVED,15,6,3,2,0,0
FOLIO261+1.p,FOLIO,Resolution,Theorem,Proved,0,PROVED,4,0,0,0,7,1
FOLIO262+1.p,FOLIO,Baseline,Theorem,Proved,0,PROVED,36,6,0,0,0,0
FOLIO262+1.p,FOLIO,Improved,Theorem,Proved,0,PROVED,15,6,3,2,0,0
FOLIO262+1.p,FOLIO,Resolution,Theorem,Proved,0,PROVED,4,0,0,0,7,1
FOLIO263+1.p,FOLIO,Baseline,Theorem,Proved,0,PROVED,36,6,0,0,0,0
FOLIO263+1.p,FOLIO,Improved,Theorem,Proved,0,PROVED,15,6,3,2,0,0
FOLIO263+1.p,FOLIO,Resolution,Theorem,Proved,0,PROVED,4,0,0,0,7,1
FOLIO264+1.p,FOLIO,Baseline,Theorem,Proved,0,PROVED,36,6,0,0,0,0
FOLIO264+1.p,FOLIO,Improved,Theorem,Proved,0,PROVED,15,6,3,2,0,0
FOLIO264+1.p,FOLIO,Resolution,Theorem,Proved,0,PROVED,4,0,0,0,7,1
FOLIO265+1.p,FOLIO,Baseline,Theorem,Proved,0,PROVED,36,6,0,0,0,0
FOLIO265+1.p,FOLIO,Improved,Theorem,Proved,0,PROVED,15,6,3,2,0,0
FOLIO265+1.p,FOLIO,Resolution,Theorem,Proved,0,PROVED,4,0,0,0,7,1
FOLIO266+1.p,FOLIO,Baseline,Theorem,Proved,0,PROVED,36,6,0,0,0,0
FOLIO266+1.p,FOLIO,Improved,Theorem,Proved,0,PROVED,15,6,3,2,0,0
FOLIO266+1.p,FOLIO,Resolution,Theorem,Proved,0,PROVED,4,0,0,0,7,1
FOLIO267+1.p,FOLIO,Baseline,Theorem,Proved,0,PROVED,36,6,0,0,0,0
FOLIO267+1.p,FOLIO,Improved,Theorem,Proved,0,PROVED,15,6,3,2,0,0
FOLIO267+1.p,FOLIO,Resolution,Theorem,Proved,0,PROVED,4,0,0,0,7,1
FOLIO268+1.p,FOLIO,Baseline,Theorem,Proved,0,PROVED,36,6,0,0,0,0
FOLIO268+1.p,FOLIO,Improved,Theorem,Proved,0,PROVED,15,6,3,2,0,0
FOLIO268+1.p,FOLIO,Resolution,Theorem,Proved,0,PROVED,4,0,0,0,7,1
FOLIO269+1.p,FOLIO,Baseline,Theorem,Proved,0,PROVED,36,6,0,0,0,0
FOLIO269+1.p,FOLIO,Improved,Theorem,Proved,0,PROVED,15,6,3,2,0,0
FOLIO269+1.p,FOLIO,Resolution,Theorem,Proved,0,PROVED,4,0,0,0,7,1
FOLIO270+1.p,FOLIO,Baseline,Theorem,Proved,0,PROVED,36,6,0,0,0,0
FOLIO270+1.p,FOLIO,Improved,Theorem,Proved,0,PROVED,15,6,3,2,0,0
FOLIO270+1.p,FOLIO,Resolution,Theorem,Proved,0,PROVED,4,0,0,0,7,1
FOLIO271+1.p,FOLIO,Baseline,Theorem,Proved,0,PROVED,36,6,0,0,0,0
FOLIO271+1.p,FOLIO,Improved,Theorem,Proved,0,PROVED,15,6,3,2,0,0
FOLIO271+1.p,FOLIO,Resolution,Theorem,Proved,0,PROVED,4,0,0,0,7,1
FOLIO272+1.p,FOLIO,Baseline,Theorem,Proved,0,PROVED,36,6,0,0,0,0
FOLIO272+1.p,FOLIO,Improved,Theorem,Proved,0,PROVED,15,6,3,2,0,0
FOLIO272+1.p,FOLIO,Resolution,Theorem,Proved,0,PROVED,4,0,0,0,7,1
FOLIO273+1.p,FOLIO,Baseline,Theorem,Proved,0,PROVED,36,6,0,0,0,0
FOLIO273+1.p,FOLIO,Improved,Theorem,Proved,0,PROVED,15,6,3,2,0,0
FOLIO273+1.p,FOLIO,Resolution,Theorem,Proved,0,PROVED,4,0,0,0,7,1
FOLIO274+1.p,FOLIO,Baseline,Theorem,Proved,0,PROVED,36,6,0,0,0,0
FOLIO274+1.p,FOLIO,Improved,Theorem,Proved,0,PROVED,15,6,3,2,0,0
FOLIO274+1.p,FOLIO,Resolution,Theorem,Proved,0,PROVED,4,0,0,0,7,1
FOLIO275+1.p,FOLIO,Baseline,Theorem,Proved,0,PROVED,36,6,0,0,0,0
FOLIO275+1.p,FOLIO,Improved,Theorem,Proved,0,PROVED,15,6,3,2,0,0
FOLIO275+1.p,FOLIO,Resolution,Theorem,Proved,0,PROVED,4,0,0,0,7,1
FOLIO276+1.p,FOLIO,Baseline,Theorem,Proved,0,PROVED,36,6,0,0,0,0
FOLIO276+1.p,FOLIO,Improved,Theorem,Proved,0,PROVED,15,6,3,2,0,0
FOLIO276+1.p,FOLIO,Resolution,Theorem,Proved,0,PROVED,4,0,0,0,7,1
FOLIO277+1.p,FOLIO,Baseline,Theorem,Proved,0,PROVED,36,6,0,0,0,0
FOLIO277+1.p,FOLIO,Improved,Theorem,Proved,0,PROVED,15,6,3,2,0,0
FOLIO277+1.p,FOLIO,Resolution,Theorem,Proved,0,PROVED,4,0,0,0,7,1
FOLIO278+1.p,FOLIO,Baseline,Theorem,Proved,0,PROVED,36,6,0,0,0,0
FOLIO278+1.p,FOLIO,Improved,Theorem,Proved,0,PROVED,15,6,3,2,0,0
FOLIO278+1.p,FOLIO,Resolution,Theorem,Proved,0,PROVED,4,0,0,0,7,1
FOLIO279+1.p,FOLIO,Baseline,Theorem,Proved,0,PROVED,36,6,0,0,0,0
FOLIO279+1.p,FOLIO,Improved,Theorem,Proved,0,PROVED,15,6,3,2,0,0
FOLIO279+1.p,FOLIO,Resolution,Theorem,Proved,0,PROVED,4,0,0,0,7,1
FOLIO280+1.p,FOLIO,Baseline,Theorem,Proved,0,PROVED,36,6,0,0,0,0
FOLIO280+1.p,FOLIO,Improved,Theorem,Proved,0,PROVED,15,6,3,2,0,0
FOLIO280+1.p,FOLIO,Resolution,Theorem,Proved,0,PROVED,4,0,0,0,7,1
FOLIO281+1.p,FOLIO,Baseline,Theorem,Proved,0,PROVED,36,6,0,0,0,0
FOLIO281+1.p,FOLIO,Improved,Theorem,Proved,0,PROVED,15,6,3,2,0,0
FOLIO281+1.p,FOLIO,Resolution,Theorem,Proved,0,PROVED,4,0,0,0,7,1
FOLIO282+1.p,FOLIO,Baseline,Theorem,Proved,0,PROVED,36,6,0,0,0,0
FOLIO282+1.p,FOLIO,Improved,Theorem,Proved,0,PROVED,15,6,3,2,0,0
FOLIO282+1.p,FOLIO,Resolution,Theorem,Proved,0,PROVED,4,0,0,0,7,1
FOLIO283+1.p,FOLIO,Baseline,Theorem,Proved,0,PROVED,36,6,0,0,0,0
FOLIO283+1.p,FOLIO,Improved,Theorem,Proved,0,PROVED,15,6,3,2,0,0
FOLIO283+1.p,FOLIO,Resolution,Theorem,Proved,0,PROVED,4,0,0,0,7,1
FOLIO284+1.p,FOLIO,Baseline,Theorem,Proved,0,PROVED,36,6,0,0,0,0
FOLIO284+1.p,FOLIO,Improved,Theorem,Proved,0,PROVED,15,6,3,2,0,0
FOLIO284+1.p,FOLIO,Resolution,Theorem,Proved,0,PROVED,4,0,0,0,7,1
FOLIO285+1.p,FOLIO,Baseline,Theorem,Proved,0,PROVED,36,6,0,0,0,0
FOLIO285+1.p,FOLIO,Improved,Theorem,Proved,0,PROVED,15,6,3,2,0,0
FOLIO285+1.p,FOLIO,Resolution,Theorem,Proved,0,PROVED,4,0,0,0,7,1
FOLIO286+1.p,FOLIO,Baseline,Theorem,Proved,0,PROVED,36,6,0,0,0,0
FOLIO286+1.p,FOLIO,Improved,Theorem,Proved,0,PROVED,15,6,3,2,0,0
FOLIO286+1.p,FOLIO,Resolution,Theorem,Proved,0,PROVED,4,0,0,0,7,1
FOLIO287+1.p,FOLIO,Baseline,Theorem,Proved,0,PROVED,36,6,0,0,0,0
FOLIO287+1.p,FOLIO,Improved,Theorem,Proved,0,PROVED,15,6,3,2,0,0
FOLIO287+1.p,FOLIO,Resolution,Theorem,Proved,0,PROVED,4,0,0,0,7,1
FOLIO288+1.p,FOLIO,Baseline,Theorem,Proved,0,PROVED,250,9,0,0,0,0
FOLIO288+1.p,FOLIO,Improved,Theorem,Proved,0,PROVED,39,9,14,4,0,0
FOLIO288+1.p,FOLIO,Resolution,Theorem,Proved,0,PROVED,6,0,0,0,8,2
FOLIO289+1.p,FOLIO,Baseline,Theorem,Proved,0,PROVED,623,10,0,0,0,0
FOLIO289+1.p,FOLIO,Improved,Theorem,Proved,0,PROVED,152,12,88,14,0,0
FOLIO289+1.p,FOLIO,Resolution,Theorem,Proved,0,PROVED,8,0,0,0,10,3
FOLIO290+1.p,FOLIO,Baseline,Theorem,Proved,0.002,PROVED,4046,13,0,0,0,0
FOLIO290+1.p,FOLIO,Improved,Theorem,Proved,0.001,PROVED,699,15,473,63,0,0
FOLIO290+1.p,FOLIO,Resolution,Theorem,Proved,0,PROVED,10,0,0,0,12,4
FOLIO291+1.p,FOLIO,Baseline,Theorem,Proved,0.004,PROVED,9097,14,0,0,0,0
FOLIO291+1.p,FOLIO,Improved,Theorem,Proved,0.004,PROVED,3054,18,2176,260,0,0
FOLIO291+1.p,FOLIO,Resolution,Theorem,Proved,0,PROVED,12,0,0,0,14,5
FOLIO292+1.p,FOLIO,Baseline,Theorem,Proved,0.008,PROVED,18520,15,0,0,0,0
FOLIO292+1.p,FOLIO,Improved,Theorem,Proved,0.023,PROVED,12892,21,9388,967,0,0
FOLIO292+1.p,FOLIO,Resolution,Theorem,Proved,0,PROVED,14,0,0,0,16,6
FOLIO293+1.p,FOLIO,Baseline,Theorem,Proved,0.016,PROVED,34796,16,0,0,0,0
FOLIO293+1.p,FOLIO,Improved,Theorem,Proved,0.125,PROVED,54540,24,39905,3519,0,0
FOLIO293+1.p,FOLIO,Resolution,Theorem,Proved,0,PROVED,16,0,0,0,18,7
FOLIO401+1.p,FOLIO,Baseline,Theorem,Proved,2.843,PROVED,5283549,12,0,0,0,0
FOLIO401+1.p,FOLIO,Improved,Theorem,Proved,0,PROVED,37,9,13,3,0,0
FOLIO401+1.p,FOLIO,Resolution,Theorem,NotProved,0,NOT_PROVED,4,0,0,0,5,0
FOLIO402+1.p,FOLIO,Baseline,Theorem,Timeout,5,TIMEOUT,9431328,12,0,0,0,0
FOLIO402+1.p,FOLIO,Improved,Theorem,Proved,0,PROVED,41,10,13,3,0,0
FOLIO402+1.p,FOLIO,Resolution,Theorem,NotProved,0,NOT_PROVED,5,0,0,0,6,0
FOLIO403+1.p,FOLIO,Baseline,Theorem,Timeout,7.273,TIMEOUT,9514919,13,0,0,0,0
FOLIO403+1.p,FOLIO,Improved,Theorem,Proved,0,PROVED,45,11,13,3,0,0
FOLIO403+1.p,FOLIO,Resolution,Theorem,NotProved,0,NOT_PROVED,6,0,0,0,7,0
FOLIO404+1.p,FOLIO,Baseline,Theorem,Proved,2.91,PROVED,5283549,12,0,0,0,0
FOLIO404+1.p,FOLIO,Improved,Theorem,Proved,0,PROVED,37,9,13,3,0,0
FOLIO404+1.p,FOLIO,Resolution,Theorem,NotProved,0,NOT_PROVED,4,0,0,0,5,0
FOLIO405+1.p,FOLIO,Baseline,Theorem,Timeout,5,TIMEOUT,9261892,12,0,0,0,0
FOLIO405+1.p,FOLIO,Improved,Theorem,Proved,0,PROVED,41,10,13,3,0,0
FOLIO405+1.p,FOLIO,Resolution,Theorem,NotProved,0,NOT_PROVED,5,0,0,0,6,0
FOLIO406+1.p,FOLIO,Baseline,Theorem,Timeout,5,TIMEOUT,9830059,13,0,0,0,0
FOLIO406+1.p,FOLIO,Improved,Theorem,Proved,0,PROVED,45,11,13,3,0,0
FOLIO406+1.p,FOLIO,Resolution,Theorem,NotProved,0,NOT_PROVED,6,0,0,0,7,0
FOLIO407+1.p,FOLIO,Baseline,Theorem,Proved,2.876,PROVED,5283549,12,0,0,0,0
FOLIO407+1.p,FOLIO,Improved,Theorem,Proved,0,PROVED,37,9,13,3,0,0
FOLIO407+1.p,FOLIO,Resolution,Theorem,NotProved,0,NOT_PROVED,4,0,0,0,5,0
FOLIO408+1.p,FOLIO,Baseline,Theorem,Timeout,5,TIMEOUT,9348948,12,0,0,0,0
FOLIO408+1.p,FOLIO,Improved,Theorem,Proved,0,PROVED,41,10,13,3,0,0
FOLIO408+1.p,FOLIO,Resolution,Theorem,NotProved,0,NOT_PROVED,5,0,0,0,6,0
FOLIO409+1.p,FOLIO,Baseline,Theorem,Timeout,5,TIMEOUT,9507341,13,0,0,0,0
FOLIO409+1.p,FOLIO,Improved,Theorem,Proved,0,PROVED,45,11,13,3,0,0
FOLIO409+1.p,FOLIO,Resolution,Theorem,NotProved,0,NOT_PROVED,6,0,0,0,7,0
FOLIO410+1.p,FOLIO,Baseline,Theorem,Proved,3.714,PROVED,5283549,12,0,0,0,0
FOLIO410+1.p,FOLIO,Improved,Theorem,Proved,0,PROVED,37,9,13,3,0,0
FOLIO410+1.p,FOLIO,Resolution,Theorem,NotProved,0,NOT_PROVED,4,0,0,0,5,0
FOLIO411+1.p,FOLIO,Baseline,Theorem,Timeout,6.449,TIMEOUT,9302846,12,0,0,0,0
FOLIO411+1.p,FOLIO,Improved,Theorem,Proved,0,PROVED,41,10,13,3,0,0
FOLIO411+1.p,FOLIO,Resolution,Theorem,NotProved,0,NOT_PROVED,5,0,0,0,6,0
FOLIO412+1.p,FOLIO,Baseline,Theorem,Timeout,5,TIMEOUT,9536253,13,0,0,0,0
FOLIO412+1.p,FOLIO,Improved,Theorem,Proved,0,PROVED,45,11,13,3,0,0
FOLIO412+1.p,FOLIO,Resolution,Theorem,NotProved,0,NOT_PROVED,6,0,0,0,7,0
FOLIO413+1.p,FOLIO,Baseline,Theorem,Proved,2.853,PROVED,5283549,12,0,0,0,0
FOLIO413+1.p,FOLIO,Improved,Theorem,Proved,0,PROVED,37,9,13,3,0,0
FOLIO413+1.p,FOLIO,Resolution,Theorem,NotProved,0,NOT_PROVED,4,0,0,0,5,0
FOLIO414+1.p,FOLIO,Baseline,Theorem,Timeout,5,TIMEOUT,9614932,12,0,0,0,0
FOLIO414+1.p,FOLIO,Improved,Theorem,Proved,0,PROVED,41,10,13,3,0,0
FOLIO414+1.p,FOLIO,Resolution,Theorem,NotProved,0,NOT_PROVED,5,0,0,0,6,0
FOLIO415+1.p,FOLIO,Baseline,Theorem,Timeout,5,TIMEOUT,9537322,13,0,0,0,0
FOLIO415+1.p,FOLIO,Improved,Theorem,Proved,0,PROVED,45,11,13,3,0,0
FOLIO415+1.p,FOLIO,Resolution,Theorem,NotProved,0,NOT_PROVED,6,0,0,0,7,0
FOLIO416+1.p,FOLIO,Baseline,Theorem,Proved,2.86,PROVED,5283549,12,0,0,0,0
FOLIO416+1.p,FOLIO,Improved,Theorem,Proved,0,PROVED,37,9,13,3,0,0
FOLIO416+1.p,FOLIO,Resolution,Theorem,NotProved,0,NOT_PROVED,4,0,0,0,5,0
FOLIO417+1.p,FOLIO,Baseline,Theorem,Timeout,7.31,TIMEOUT,9380181,12,0,0,0,0
FOLIO417+1.p,FOLIO,Improved,Theorem,Proved,0,PROVED,41,10,13,3,0,0
FOLIO417+1.p,FOLIO,Resolution,Theorem,NotProved,0,NOT_PROVED,5,0,0,0,6,0
FOLIO418+1.p,FOLIO,Baseline,Theorem,Timeout,5,TIMEOUT,9302454,13,0,0,0,0
FOLIO418+1.p,FOLIO,Improved,Theorem,Proved,0,PROVED,45,11,13,3,0,0
FOLIO418+1.p,FOLIO,Resolution,Theorem,NotProved,0,NOT_PROVED,6,0,0,0,7,0
FOLIO419+1.p,FOLIO,Baseline,Theorem,Proved,2.896,PROVED,5283549,12,0,0,0,0
FOLIO419+1.p,FOLIO,Improved,Theorem,Proved,0,PROVED,37,9,13,3,0,0
FOLIO419+1.p,FOLIO,Resolution,Theorem,NotProved,0,NOT_PROVED,4,0,0,0,5,0
FOLIO420+1.p,FOLIO,Baseline,Theorem,Timeout,5,TIMEOUT,9437957,12,0,0,0,0
FOLIO420+1.p,FOLIO,Improved,Theorem,Proved,0,PROVED,41,10,13,3,0,0
FOLIO420+1.p,FOLIO,Resolution,Theorem,NotProved,0,NOT_PROVED,5,0,0,0,6,0
FOLIO421+1.p,FOLIO,Baseline,Theorem,Timeout,5,TIMEOUT,9651834,13,0,0,0,0
FOLIO421+1.p,FOLIO,Improved,Theorem,Proved,0,PROVED,45,11,13,3,0,0
FOLIO421+1.p,FOLIO,Resolution,Theorem,NotProved,0,NOT_PROVED,6,0,0,0,7,0
FOLIO422+1.p,FOLIO,Baseline,Theorem,Proved,2.875,PROVED,5283549,12,0,0,0,0
FOLIO422+1.p,FOLIO,Improved,Theorem,Proved,0,PROVED,37,9,13,3,0,0
FOLIO422+1.p,FOLIO,Resolution,Theorem,NotProved,0,NOT_PROVED,4,0,0,0,5,0
FOLIO423+1.p,FOLIO,Baseline,Theorem,Timeout,5,TIMEOUT,9273059,12,0,0,0,0
FOLIO423+1.p,FOLIO,Improved,Theorem,Proved,0,PROVED,41,10,13,3,0,0
FOLIO423+1.p,FOLIO,Resolution,Theorem,NotProved,0,NOT_PROVED,5,0,0,0,6,0
FOLIO424+1.p,FOLIO,Baseline,Theorem,Timeout,7.227,TIMEOUT,9454524,13,0,0,0,0
FOLIO424+1.p,FOLIO,Improved,Theorem,Proved,0,PROVED,45,11,13,3,0,0
FOLIO424+1.p,FOLIO,Resolution,Theorem,NotProved,0,NOT_PROVED,6,0,0,0,7,0
